model,benchmark,k,mean_recall,std_recall,mean_jaccard,std_jaccard,mean_precision,std_precision,mean_snr_k8,std_snr_k8,snr_k16,regime_flip_rate,mean_scored_overlap,std_scored_overlap,mean_partial_frs,frs_k16
DS-R1-1.5B,AQuA,8,0.9754901960784312,0.03199444876878574,0.48337088232469566,0.022801641316667662,0.488943488943489,0.01603652960401054,0.6673912638014377,0.009518661663452296,0.6541537763683102,0.0,25.1,2.5475478405713994,89.9121061160229,90.125
DS-R1-1.5B,AQuA,4,0.9725490196078432,0.03916663599105526,0.24218559837732373,0.011930028007055404,0.24373464373464376,0.009815717127979455,0.6534771670102557,0.048755159806890415,0.6541537763683102,0.0,12.8,2.08806130178211,92.63380022755021,90.125
DS-R1-1.5B,CommonsenseQA,8,0.9951893551688844,0.008137637343009598,0.49642516014114724,0.006032523975074337,0.4975946775844422,0.004068818671504799,-0.0029897053323016736,0.009781775239510989,0.00039351231637744637,0.4,24.4,3.6932370625238775,53.919262827815466,56.125
DS-R1-1.5B,CommonsenseQA,4,0.9862985685071575,0.02271780236404163,0.2460232117314533,0.006995384708140963,0.2468270214943705,0.005685263744122995,-0.0007025109591718287,0.023995685654690957,0.00039351231637744637,0.4,13.7,2.1931712199461306,57.65367271617272,56.125
DS-R1-1.5B,GPQA,8,0.9877437325905294,0.02197557985884795,0.4917198882367959,0.016063423798168018,0.494560669456067,0.011003114601571008,-0.04526575152249734,0.025404497203481723,-0.053474427346895906,0.1,26.0,2.449489742783178,56.62336416117338,56.625
DS-R1-1.5B,GPQA,4,0.9755555555555556,0.02834966849371794,0.24347759579939376,0.00876705620044653,0.24490934449093443,0.007117071588381069,-0.0405596222311908,0.05070158370400177,-0.053474427346895906,0.3,12.9,2.467792535850613,57.05554168054168,56.625
DS-R1-1.5B,GSM8K,8,0.9892045454545453,0.015727681433353558,0.4922689270167466,0.011534880254171823,0.4948365703458076,0.007867565889920098,0.7192877972494662,0.01607784732086115,0.7231409266926733,0.0,25.4,2.1071307505705477,94.21700841429103,95.125
DS-R1-1.5B,GSM8K,4,0.9928030303030303,0.013938158706798558,0.24788717263783075,0.004320042786694917,0.24831833254381808,0.0034861903350021915,0.7315859375470357,0.031715661076656604,0.7231409266926733,0.0,12.6,4.054626986542659,96.44708290935071,95.125
DS-R1-1.5B,MATH500,8,0.9855,0.018768324379123475,0.4893314975151505,0.013762749781918524,0.49275,0.009384162189561738,0.4697888166633697,0.021837477569112612,0.4805963022672171,0.0,23.1,3.8065732621348563,84.04079024475857,84.5
DS-R1-1.5B,MATH500,4,0.9960000000000001,0.008000000000000007,0.24875621890547261,0.002487562189054726,0.24900000000000003,0.0020000000000000018,0.4726829295064272,0.03248812988322445,0.4805963022672171,0.0,11.8,2.5612496949731396,80.93154761904762,84.5
DS-R1-1.5B,SVAMP,8,0.9845,0.015803480629279106,0.4885551708861522,0.011576822634916693,0.49225,0.007901740314639553,0.48981765692483104,0.016524786693398703,0.48884767526520545,0.0,24.9,1.8681541692269403,96.60929260453716,96.875
DS-R1-1.5B,SVAMP,4,0.9640000000000001,0.03158718094417417,0.23892610955299248,0.009680607301174727,0.24100000000000002,0.007896795236043542,0.4781293311380711,0.03628298469582798,0.48884767526520545,0.0,12.3,1.676305461424021,96.64284673659674,96.875
DS-R1-7B,AQuA,8,0.9784313725490195,0.03238263640179165,0.4855474856015459,0.023349531953179035,0.49041769041769046,0.016231100309497547,0.836998472471614,0.04159532333728601,0.82838090427552,0.0,24.3,4.075536774462966,96.17328274317563,96.75
DS-R1-7B,AQuA,4,0.9568627450980391,0.05479681808816517,0.23746471523413648,0.016636651831099646,0.23980343980343982,0.013732863501210934,0.8373522939261944,0.07682806759773599,0.82838090427552,0.0,10.9,2.5079872407968904,96.83609966422468,96.75
DS-R1-7B,CommonsenseQA,8,0.9904810644831116,0.008697693687888182,0.4929225429574067,0.006452238429793576,0.4952405322415558,0.004348846843944091,0.19019159022951104,0.010520090962173519,0.1833365751683797,0.0,26.9,3.047950130825634,79.24924021450369,79.25
DS-R1-7B,CommonsenseQA,4,0.9938650306748466,0.011200870296629169,0.24834901930938882,0.0034745408621357507,0.24872057318321392,0.0028030837129230522,0.17024166972072508,0.022168840837804942,0.1833365751683797,0.0,10.6,2.6907248094147422,81.08862665112665,79.25
DS-R1-7B,GPQA,8,0.9894150417827298,0.013860563013509436,0.4928561108168016,0.010186229852486654,0.49539748953974894,0.006939947171338764,-0.24316366196596162,0.01634274864560528,-0.242966230971739,0.0,23.7,2.5317977802344327,63.38771471583972,62.875
DS-R1-7B,GPQA,4,0.9738888888888889,0.02606378690164421,0.24295109513206245,0.00805837470721809,0.24449093444909345,0.006543210100831183,-0.24092915014962052,0.044338469384535555,-0.242966230971739,0.0,12.0,3.6606010435446255,62.22544642857142,62.875
DS-R1-7B,GSM8K,8,0.9916666666666666,0.009757005206357012,0.49404403326523605,0.007234725998875171,0.4960682141165324,0.004880813594463746,0.8087025161626382,0.027985476761443685,0.7910779044534557,0.0,23.9,4.3920382511995495,98.77710816970549,98.875
DS-R1-7B,GSM8K,4,0.9929924242424242,0.012846718092508794,0.24794391103252655,0.003978845143266199,0.2483657034580767,0.0032132009250803594,0.7748224405919413,0.02554873916908258,0.7910779044534557,0.0,12.9,3.6180105030251086,99.5673076923077,98.875
DS-R1-7B,MATH500,8,0.99,0.016992645467966434,0.49264269587965426,0.012465352110283554,0.495,0.008496322733983217,0.5694542495689888,0.02126160828493255,0.5728806233700802,0.0,23.1,2.467792535850613,94.62622712247284,94.0
DS-R1-7B,MATH500,4,0.9705,0.030696090956341647,0.24092032763295795,0.009397558844777991,0.242625,0.007674022739085412,0.5596662053693566,0.02610725427216662,0.5728806233700802,0.0,12.7,1.7916472867168916,91.757693899238,94.0
DS-R1-7B,SVAMP,8,0.9963749999999999,0.00618592151582931,0.4973003823875689,0.004603790476344099,0.49818749999999995,0.003092960757914655,0.6602669273047759,0.021249921676113136,0.6681210293433025,0.0,24.1,2.5865034312755126,99.08906097937874,99.0
DS-R1-7B,SVAMP,4,0.998,0.0040000000000000036,0.24937655860349128,0.0012468827930174565,0.2495,0.0010000000000000009,0.6893602199487252,0.039509097818910106,0.6681210293433025,0.0,15.3,2.8653097563788807,99.05866192630899,99.0
Gemma-7B,AQuA,8,0.9887254901960784,0.01740713814173011,0.4929034485541341,0.012779982910583068,0.49557739557739566,0.008724953761456874,-0.24957524921358107,0.019919738407371917,-0.23567763007698123,0.0,24.2,2.521904042583698,21.08581998532656,22.25
Gemma-7B,AQuA,4,0.9715686274509805,0.02753837628468263,0.2418242605087925,0.008460542825248059,0.2434889434889435,0.006901509535718993,-0.2261505294899518,0.052651618496634835,-0.23567763007698123,0.0,12.8,3.1559467676118995,24.646381997775187,22.25
Gemma-7B,CommonsenseQA,8,0.992835209825998,0.01666833407232123,0.49474657279633394,0.012160376048683969,0.496417604912999,0.008334167036160614,-0.010654340922929634,0.020019636164743327,-0.01379210819360508,0.3,25.0,2.1908902300206643,14.259527162652162,13.375
Gemma-7B,CommonsenseQA,4,0.9820040899795501,0.02504256771344234,0.24469868719687335,0.007723730353191382,0.24575230296827016,0.006267049954899327,-0.029291327857223527,0.020277671612627828,-0.01379210819360508,0.1,11.9,2.2113344387495983,8.595657814407813,13.375
Gemma-7B,GPQA,8,0.9732590529247911,0.027888559355507145,0.4811473633076034,0.020145888545836082,0.4873082287308228,0.013963727766564946,-0.2998476292427853,0.02510329029674056,-0.2902269001830551,0.0,23.9,2.2561028345356955,31.358960333145113,30.875000000000004
Gemma-7B,GPQA,4,0.9844444444444445,0.03649792823479298,0.2462810504094229,0.011127136693877706,0.24714086471408647,0.00916265980789782,-0.3018760049734872,0.0546899407189564,-0.2902269001830551,0.0,11.3,2.147091055358389,29.27381993006993,30.875000000000004
Gemma-7B,GSM8K,8,0.9918560606060607,0.011753110972803177,0.4942006463510854,0.00867683990130411,0.49616295594504967,0.005879339264462412,-0.09158960465721556,0.009442319548004952,-0.09572286598715853,0.0,25.9,3.1128764832546763,39.97218033628734,41.25
Gemma-7B,GSM8K,4,0.9914772727272727,0.013923997178570312,0.24747421188555294,0.004311198496158631,0.2479867361440075,0.0034826482758337765,-0.1000842495339797,0.025177613375360983,-0.09572286598715853,0.0,12.1,2.5475478405713994,42.12391948329448,41.25
Gemma-7B,MATH500,8,0.98275,0.01995150370272876,0.48731693311381363,0.014540217340367822,0.491375,0.00997575185136438,-0.3001287390125544,0.030092663541862692,-0.30661920445129226,0.0,25.2,1.469693845669907,19.270218242908463,18.875
Gemma-7B,MATH500,4,0.9969999999999999,0.009000000000000008,0.24906947890818856,0.0027915632754342444,0.24924999999999997,0.002250000000000002,-0.29246733635671895,0.041760684145627246,-0.30661920445129226,0.0,12.5,2.80178514522438,18.038831827894327,18.875
Gemma-7B,SVAMP,8,0.9942499999999999,0.008200609733428363,0.4957247103838406,0.006077377249664266,0.49712499999999993,0.004100304866714181,-0.284665611556892,0.008412395987624185,-0.2834992773077931,0.0,25.2,2.9933259094191533,31.090062292432982,31.125000000000004
Gemma-7B,SVAMP,4,0.9875,0.01887458608817688,0.2461333459356625,0.0058306424074824,0.246875,0.00471864652204422,-0.283817975889522,0.013106286341442161,-0.2834992773077931,0.0,14.0,3.7682887362833544,31.89516223155929,31.125000000000004
LLaMA-3.1-8B,AQuA,8,0.9848039215686274,0.026164717931534343,0.4901285831529257,0.0190597592882833,0.49361179361179364,0.013114502353889473,0.044668037003264556,0.02592654575545095,0.03778036064244679,0.1,26.6,2.0591260281974,53.30705602060082,52.87500000000001
LLaMA-3.1-8B,AQuA,4,0.9745098039215687,0.029801341477589536,0.24274373279310418,0.00915653612003446,0.24422604422604421,0.007468640861705495,0.023255243146952317,0.0581774438696308,0.03778036064244679,0.4,11.8,2.925747767665559,53.53436147186146,52.87500000000001
LLaMA-3.1-8B,CommonsenseQA,8,0.9969293756397134,0.005357728691219012,0.49771122465083584,0.003986378574001937,0.4984646878198567,0.002678864345609506,0.10475955344104718,0.011585598043020541,0.10174884576050221,0.0,24.9,4.414748010928823,53.968514300066715,55.00000000000001
LLaMA-3.1-8B,CommonsenseQA,4,0.9928425357873211,0.01656946576601608,0.248041607630722,0.005115364199446778,0.2484646878198567,0.004146606325272186,0.101126038333755,0.01836518425925702,0.10174884576050221,0.0,11.4,2.6153393661244038,54.0209478021978,55.00000000000001
LLaMA-3.1-8B,GPQA,8,0.9852367688022285,0.02186407738517035,0.4898587554432294,0.015923257383366772,0.49330543933054394,0.010947285608474439,0.11899992289658905,0.018536178140682893,0.13132694352174148,0.0,23.5,2.4596747752497685,50.44154351348287,50.5
LLaMA-3.1-8B,GPQA,4,0.9766666666666666,0.027080128015453193,0.2438169238274423,0.008363267174072068,0.24518828451882846,0.00679835849760331,0.1477016130176832,0.05118572328717941,0.13132694352174148,0.0,12.4,1.624807680927192,52.6007117882118,50.5
LLaMA-3.1-8B,GSM8K,8,0.9819128787878789,0.016173233326693483,0.4868796973860878,0.011853915370432767,0.491189009947892,0.008090447367592757,0.11757662699608702,0.010501599802504131,0.12260808096739166,0.0,26.3,2.6476404589747453,78.89782955497185,79.875
LLaMA-3.1-8B,GSM8K,4,0.9956439393939395,0.01078215555112901,0.24876686915512466,0.003341767020484277,0.24902889625769772,0.0026968157891975814,0.14721662755292642,0.025383449365635677,0.12260808096739166,0.0,13.8,4.28485705712571,81.90537258280224,79.875
LLaMA-3.1-8B,MATH500,8,0.98225,0.018181377835576714,0.4869246194357898,0.013318927823333129,0.491125,0.009090688917788357,0.20412246249593133,0.023847833093753632,0.20000437963215137,0.0,24.7,3.8742741255621036,59.97151707857243,60.62499999999999
LLaMA-3.1-8B,MATH500,4,0.991,0.012806248474865708,0.24720649675390116,0.00397037365982106,0.24775,0.003201562118716427,0.2006764326899193,0.05215574765842142,0.20000437963215137,0.0,12.7,2.368543856465402,61.669112137862136,60.62499999999999
LLaMA-3.1-8B,SVAMP,8,0.9915,0.008852965604812897,0.493680881984329,0.006557372012309162,0.49575,0.004426482802406448,0.041364634841847284,0.01649028809672045,0.05028287753044442,0.0,26.0,4.732863826479693,79.63768277589203,80.0
LLaMA-3.1-8B,SVAMP,4,0.974,0.03686461718233354,0.24203054777563282,0.011257262482853166,0.2435,0.009216154295583385,0.06104004430280319,0.02830955920897371,0.05028287753044442,0.0,12.5,3.1064449134018135,81.25998960190137,80.0
Phi-4,AQuA,8,0.9897058823529413,0.014113902008713687,0.49359575260062466,0.010427311658072055,0.4960687960687961,0.0070742899503135155,-0.036587829170309644,0.01819668277061522,-0.03777089150649387,0.0,25.0,3.872983346207417,76.68043476627037,78.5
Phi-4,AQuA,4,0.9107843137254902,0.08685743355601147,0.223813537468858,0.02582863954179427,0.22825552825552825,0.021767710620916886,-0.05269596561485683,0.05041133145203351,-0.03777089150649387,0.2,11.6,3.2,75.50294237012987,78.5
Phi-4,CommonsenseQA,8,0.9966223132036849,0.006277071896197311,0.497485618386146,0.004663685429492298,0.49831115660184244,0.0031385359480986556,0.41707144533003265,0.01627937124264174,0.4187462740902154,0.0,23.4,2.8705400188814645,74.69087626660567,77.25
Phi-4,CommonsenseQA,4,0.9854805725971371,0.019171710974657273,0.2457577880124877,0.005930523899101543,0.24662231320368475,0.004797833503893237,0.41314667633738145,0.020086062559033516,0.4187462740902154,0.0,12.6,2.5377155080899043,79.72704659515321,77.25
Phi-4,GPQA,8,0.992200557103064,0.011538894249140936,0.49490887567540387,0.0085477863658017,0.49679218967921895,0.0057774937732797856,-0.25064707150638665,0.029367376829870253,-0.26601741204999513,0.0,23.5,4.177319714841085,47.0947214771943,48.375
Phi-4,GPQA,4,0.9594444444444445,0.04090413363155546,0.23856460167807853,0.012541916468040478,0.24086471408647142,0.010268820158549487,-0.276011983511816,0.046331295298844194,-0.26601741204999513,0.0,12.8,3.6823905279043943,48.752333603896105,48.375
Phi-4,GSM8K,8,0.9958333333333332,0.0071394230397616425,0.4971352986598688,0.005307033162000929,0.4981525343439128,0.0035714025248641764,-0.1395541038134075,0.015511497577847196,-0.13543013169971324,0.0,23.8,4.1182520563948,91.53140478885385,91.5
Phi-4,GSM8K,4,0.9897727272727274,0.012878787878787877,0.24694158109843398,0.003994457270876422,0.24756039791567974,0.0032212221695878626,-0.12518475464967416,0.014178072507123947,-0.13543013169971324,0.0,12.6,3.2619012860600183,90.25890775890775,91.5
Phi-4,MATH500,8,0.9875,0.011510864433221342,0.49073190622007423,0.008510466181615082,0.49375,0.005755432216610671,0.014437203215074338,0.017371047538431272,0.019148216284445258,0.3,24.6,3.0397368307141326,73.87493806879583,74.375
Phi-4,MATH500,4,0.9864999999999998,0.02037768387231485,0.24582735488292076,0.006285765482295574,0.24662499999999996,0.005094420968078712,0.012633173418762734,0.025671085408674445,0.019148216284445258,0.3,11.3,3.0016662039607267,79.29858943140194,74.375
Phi-4,SVAMP,8,0.9881249999999999,0.016688787403523368,0.49124812266159684,0.012272849938954365,0.49406249999999996,0.008344393701761684,-0.1416363752874208,0.008771527266784969,-0.14794611579617392,0.0,27.6,4.1521078984053394,77.99860288109913,75.5
Phi-4,SVAMP,4,0.9817500000000001,0.01666020708154616,0.2443440821787231,0.005138523186513727,0.24543750000000003,0.00416505177038654,-0.14661960844249747,0.026234660052136056,-0.14794611579617392,0.0,12.9,2.2113344387495983,75.78689753873577,75.5
Phi-4-Reas.,AQuA,8,0.9627450980392156,0.03977541720608,0.474266118571064,0.028438040304459934,0.4825552825552825,0.019936572751941817,0.41932756018107253,0.028526626041498505,0.4123489947562114,0.0,25.4,3.2310988842807022,83.07292662048097,83.25
Phi-4-Reas.,AQuA,4,0.9558823529411766,0.04926409618196514,0.2371205763058318,0.014949532011026523,0.23955773955773957,0.012346284546831565,0.4180567064087188,0.053013088347613806,0.4123489947562114,0.0,11.5,2.4186773244895647,80.1844925907426,83.25
Phi-4-Reas.,CommonsenseQA,8,0.9901740020470828,0.010009795847203809,0.4927035378745117,0.007430497781760682,0.4950870010235414,0.0050048979236019045,-0.15872094985484622,0.021244949211551588,-0.1657209945236099,0.0,23.7,1.7349351572897471,33.65775533343468,33.375
Phi-4-Reas.,CommonsenseQA,4,0.9963190184049079,0.008666511288514143,0.24911106079905246,0.0026929983415968075,0.24933469805527117,0.0021688454555186263,-0.1725805152598412,0.020434665508397554,-0.1657209945236099,0.0,13.1,3.3600595232822887,33.52827901265401,33.375
Phi-4-Reas.,GPQA,8,0.9860724233983287,0.022766369628637942,0.4904930579670849,0.016638799987486946,0.4937238493723849,0.011399060943767123,0.1012551699394237,0.018945980061152702,0.09950819622906268,0.0,23.8,1.4000000000000001,63.01989808199047,62.25000000000001
Phi-4-Reas.,GPQA,4,0.9783333333333333,0.03346732329295341,0.24436404814639437,0.010299120969921203,0.24560669456066947,0.008401838483586624,0.11861962129033647,0.026468194614557305,0.09950819622906268,0.0,12.2,3.54400902933387,63.44010416666667,62.25000000000001
Phi-4-Reas.,GSM8K,8,0.9868371212121213,0.011739751039804203,0.4904738387249984,0.008700376766264676,0.4936522974893415,0.005872656133601717,0.2977558839483619,0.03989713631732325,0.3152720424519638,0.0,25.7,2.794637722496424,83.40743132984512,84.5
Phi-4-Reas.,GSM8K,4,0.9926136363636363,0.01492371365006962,0.24783031994550148,0.004612322203377365,0.24827096162955944,0.0037326957874167423,0.31285157807633246,0.07227496609464223,0.3152720424519638,0.0,12.6,3.49857113690718,85.09776248057499,84.5
Phi-4-Reas.,MATH500,8,0.9884999999999999,0.018580904176062063,0.4915500397702227,0.013611144462559968,0.49424999999999997,0.009290452088031032,0.3229157433319733,0.04640980852941438,0.31462347142848995,0.0,24.5,3.442382895611701,78.73649210148571,80.0
Phi-4-Reas.,MATH500,4,0.9715,0.029753151093623687,0.24122432858287568,0.00914896884813584,0.242875,0.007438287773405922,0.2949603580593615,0.05335296398196069,0.31462347142848995,0.0,11.4,2.2449944320643644,78.99776785714286,80.0
Phi-4-Reas.,SVAMP,8,0.9876249999999999,0.016041450214989903,0.4908699092834613,0.011802861469102777,0.49381249999999993,0.008020725107494952,0.19075167331386572,0.04799585219702035,0.17403083905045602,0.0,25.6,2.5377155080899043,74.73734206614641,74.75
Phi-4-Reas.,SVAMP,4,0.9847500000000002,0.022512496529705443,0.24529141716243347,0.006945612477869294,0.24618750000000006,0.005628124132426361,0.18955377252691585,0.06684698151253571,0.17403083905045602,0.0,13.0,2.9664793948382653,71.97061011904762,74.75
Qwen2.5-7B,AQuA,8,0.9705882352941175,0.03809678279946165,0.47992588452340523,0.02694807991547132,0.4864864864864865,0.019095193344201927,0.11955411558960852,0.028726325971709477,0.10301176385857566,0.0,26.6,2.5768197453450252,77.47026819570966,77.25
Qwen2.5-7B,AQuA,4,0.9950980392156863,0.01470588235294119,0.24909651487321396,0.00455320722311014,0.24938574938574942,0.0036855036855036913,0.1028541725142876,0.024123716436943568,0.10301176385857566,0.0,12.8,2.5612496949731396,75.17908903800448,77.25
Qwen2.5-7B,CommonsenseQA,8,0.9966223132036847,0.0075776638767163056,0.4974922569043997,0.0056183261003798345,0.49831115660184233,0.0037888319383581528,0.10446183098814146,0.010642292320483587,0.10476549614710133,0.0,26.1,2.7,70.50084834676335,70.125
Qwen2.5-7B,CommonsenseQA,4,0.9691206543967279,0.026795609569202353,0.2407232786516696,0.008258281342706082,0.24252814738996928,0.0067057589965915645,0.08882242668550584,0.01839906730689477,0.10476549614710133,0.0,13.2,2.7129319932501077,73.62332632645132,70.125
Qwen2.5-7B,GPQA,8,0.9863509749303621,0.017415597807621818,0.4906221578296776,0.012817369075029634,0.49386331938633193,0.008719943672156545,0.07858278721026016,0.01656049886571083,0.07588881352737642,0.0,24.3,2.4515301344262523,53.912917673107884,55.125
Qwen2.5-7B,GPQA,4,0.9827777777777778,0.03392529920171562,0.24574835515849447,0.010380956768224835,0.24672245467224546,0.00851681151507505,0.07603087191682237,0.051669138278119635,0.07588881352737642,0.1,12.9,2.624880949681338,55.146744595274015,55.125
Qwen2.5-7B,GSM8K,8,0.9895833333333333,0.01625922426616269,0.49255647147144577,0.011930153006698353,0.4950260540028422,0.008133463204674451,-0.7997748335695446,0.018811663055541432,-0.7993410690613474,0.0,25.3,3.5227829907617076,65.76285280002546,65.625
Qwen2.5-7B,GSM8K,4,0.9833333333333332,0.017883441869867994,0.24495340805888058,0.005531896937186154,0.2459497868308858,0.004472978354945659,-0.7997185708462057,0.026111376892495743,-0.7993410690613474,0.0,11.9,3.176476034853718,66.01338612368025,65.625
Qwen2.5-7B,MATH500,8,0.9817499999999999,0.020586706876040174,0.4865900086207263,0.015072483751933721,0.49087499999999995,0.010293353438020087,-0.3177689949451056,0.01445834422943166,-0.30780533422187983,0.0,25.2,4.467661580737736,75.8935323935324,75.625
Qwen2.5-7B,MATH500,4,0.9875,0.021005951537599994,0.24613972492465958,0.006457589822771949,0.246875,0.0052514878843999985,-0.2967886397786739,0.03372598718042476,-0.30780533422187983,0.0,12.8,4.261455150532504,75.76421483860344,75.625
Qwen2.5-7B,SVAMP,8,0.98275,0.017982630508354455,0.4872900553793896,0.013116929634378178,0.491375,0.008991315254177228,-0.9741070188665631,0.017198165699773844,-0.9815109794406022,0.0,25.8,1.9390719429665315,64.72856783413849,64.875
Qwen2.5-7B,SVAMP,4,0.9817499999999999,0.016433578429544796,0.24434356869435647,0.005083820353347955,0.24543749999999998,0.004108394607386199,-0.9809301781088191,0.061414679325907724,-0.9815109794406022,0.0,11.2,2.8213471959331766,65.2293552036199,64.875
Qwen2.5-Math,AQuA,8,0.971078431372549,0.0357843137254902,0.48022476818919324,0.025320543504535768,0.4867321867321867,0.01793611793611794,-0.06737637820232825,0.024491942590699506,-0.06750825971685454,0.0,23.9,2.6627053911388696,74.07092921010255,74.875
Qwen2.5-Math,AQuA,4,0.9852941176470589,0.019730011566174634,0.24605214822335295,0.006113210156250496,0.24692874692874694,0.004944622063267355,-0.03509624098053794,0.057416619398110984,-0.06750825971685454,0.4,10.8,2.7856776554368237,76.87371482683983,74.875
Qwen2.5-Math,CommonsenseQA,8,0.9914022517911976,0.011073185945792026,0.4936244448085551,0.008190697640234022,0.4957011258955988,0.005536592972896013,0.10134248066639373,0.010072465914521126,0.0975960813492387,0.0,24.7,2.9,71.10943097020166,70.625
Qwen2.5-Math,CommonsenseQA,4,0.9887525562372188,0.01589971330668726,0.2467661745369186,0.00492852581880058,0.24744114636642783,0.0039789968305885565,0.1091103036553798,0.02154583352761552,0.0975960813492387,0.0,13.0,3.4641016151377544,72.33196924603173,70.625
Qwen2.5-Math,GPQA,8,0.9930362116991643,0.01586766057785639,0.49557499237083824,0.011622572140354403,0.49721059972105996,0.0079448956031387,0.19983507686339635,0.020697650554049027,0.19647760183027013,0.0,24.5,4.129164564412516,54.10684466280759,54.625
Qwen2.5-Math,GPQA,4,0.9811111111111112,0.020964402515681355,0.2451755971793177,0.006492594312004778,0.24630404463040448,0.005263029920254726,0.20661270561756506,0.03894685893904264,0.19647760183027013,0.0,11.6,0.9165151389911681,54.1072261072261,54.625
Qwen2.5-Math,GSM8K,8,0.9954545454545455,0.007429941381035248,0.4968538410526008,0.005525984611255803,0.4979630506868782,0.003716730506098143,-0.1961768666159169,0.01446548467525439,-0.19502809495761625,0.0,24.3,2.238302928559939,89.03185668498168,90.75
Qwen2.5-Math,GSM8K,4,0.9910984848484847,0.010512643247255996,0.24734987372703246,0.003265887656302541,0.24789199431549025,0.0026294057956187345,-0.1977370100960366,0.025131440620294637,-0.19502809495761625,0.0,11.3,1.7349351572897471,89.87343385780886,90.75
Qwen2.5-Math,MATH500,8,0.9869999999999999,0.011979148550710937,0.49036556961019706,0.008839815369404773,0.49349999999999994,0.005989574275355469,0.151716501393853,0.013950621452826184,0.15869767855789058,0.0,22.6,3.006659275674582,76.5408169728822,77.5
Qwen2.5-Math,MATH500,4,0.9814999999999999,0.038861935103646085,0.2443592220540367,0.011773617703861153,0.24537499999999998,0.009715483775911521,0.15575129838131963,0.030784577516363366,0.15869767855789058,0.0,11.8,1.9390719429665315,78.53509511322011,77.5
Qwen2.5-Math,SVAMP,8,0.99125,0.015978501181274793,0.49355912413965497,0.011696658976131279,0.495625,0.007989250590637396,-0.4789228824861153,0.017145544134715966,-0.49535811601738555,0.0,23.8,3.340658617698013,76.60656379399586,74.5
Qwen2.5-Math,SVAMP,4,0.98375,0.017757040857079767,0.24496667763872765,0.005486255777638146,0.2459375,0.004439260214269942,-0.4961992042388098,0.027885406052511483,-0.49535811601738555,0.0,12.2,3.059411708155671,75.84212065508021,74.5
Qwen3-4B,AQuA,8,0.9897058823529413,0.010387068676675054,0.49356235837368134,0.007721175963734274,0.4960687960687961,0.005206294864967365,0.06111206058701964,0.0297628096504459,0.05587655257796665,0.0,23.8,2.85657137141714,78.51428269250411,78.5
Qwen3-4B,AQuA,4,0.9852941176470589,0.02916563682479121,0.24608704587343774,0.008927588163740403,0.24692874692874694,0.007309324216532443,0.054649065161811214,0.06506184866182199,0.05587655257796665,0.3,13.1,1.6401219466856725,78.46104676573427,78.5
Qwen3-4B,CommonsenseQA,8,0.9900716479017401,0.012367921974875575,0.49264676706614763,0.00914119583069436,0.49503582395087004,0.006183960987437787,0.20737094018216262,0.012375295025398544,0.21021727698803697,0.0,24.5,3.721558813185679,76.03054761181906,75.0
Qwen3-4B,CommonsenseQA,4,0.9961145194274028,0.006748466257668719,0.2490449056326344,0.002100283352017692,0.2492835209825998,0.0016888433981576128,0.2145094622671054,0.024507789253830733,0.21021727698803697,0.0,13.0,3.924283374069717,75.75347507884274,75.0
Qwen3-4B,GPQA,8,0.9816155988857937,0.019145225935865817,0.4871423432525601,0.013997070432395467,0.4914923291492329,0.009585963892574396,0.015602511681068595,0.029866327401767607,0.016700504665208175,0.2,25.4,4.054626986542659,58.18374651237135,58.75
Qwen3-4B,GPQA,4,0.9850000000000001,0.028004629246952368,0.24641309181664467,0.008630018828358826,0.24728033472803346,0.007030450856975485,0.019385404127875087,0.03524512767410701,0.016700504665208175,0.2,12.7,2.8301943396169813,57.639057579847055,58.75
Qwen3-4B,GSM8K,8,0.9901515151515152,0.010889739781412918,0.49292578412186766,0.008066301833216674,0.4953102794883941,0.0054474491753538695,0.54466389111242,0.015161088212362513,0.5473328805533274,0.0,25.7,2.570992026436488,90.77165302868427,90.875
Qwen3-4B,GSM8K,4,0.9890151515151515,0.01818181818181817,0.24671858945567943,0.005615657843001325,0.24737091425864519,0.004547607768829934,0.5324898564977605,0.031240828764440343,0.5473328805533274,0.0,12.5,2.247220505424423,90.51231019797196,90.875
Qwen3-4B,MATH500,8,0.9884999999999999,0.010559356040971439,0.49146536668491125,0.007821102035723492,0.49424999999999997,0.005279678020485719,-0.2553253587966616,0.022607154420129845,-0.2534496376289841,0.0,25.4,3.6386810797320503,62.08778086606047,63.5
Qwen3-4B,MATH500,4,0.9925,0.012893796958227639,0.24767349550857115,0.003996751914654426,0.248125,0.0032234492395569097,-0.23405530101996744,0.028164577351970508,-0.2534496376289841,0.0,12.5,2.3345235059857505,63.995484550172044,63.5
Qwen3-4B,SVAMP,8,0.9797499999999999,0.011602801385872285,0.4850139281145139,0.008565974491543761,0.48987499999999995,0.0058014006929361425,0.39977591629985465,0.009735632995103046,0.39892719482582156,0.0,24.9,3.2388269481403293,91.05117535512963,91.0
Qwen3-4B,SVAMP,4,0.99,0.015288884851420666,0.24690080568117012,0.0047244353432490515,0.2475,0.0038222212128551664,0.389798183272142,0.03598258333504215,0.39892719482582156,0.0,12.2,1.7204650534085253,89.84899735680986,91.0
