model,dataset,top_k_pct,accuracy,n_traces,n_total
DS-R1-1.5B,AQuA,10,80.34,407,4064
DS-R1-1.5B,AQuA,20,72.69,813,4064
DS-R1-1.5B,AQuA,30,64.97,1219,4064
DS-R1-1.5B,AQuA,40,59.78,1626,4064
DS-R1-1.5B,AQuA,50,54.92,2032,4064
DS-R1-1.5B,CommonsenseQA,10,44.37,1954,19536
DS-R1-1.5B,CommonsenseQA,20,42.14,3908,19536
DS-R1-1.5B,CommonsenseQA,30,41.82,5861,19536
DS-R1-1.5B,CommonsenseQA,40,41.6,7815,19536
DS-R1-1.5B,CommonsenseQA,50,41.74,9768,19536
DS-R1-1.5B,GPQA,10,36.26,717,7168
DS-R1-1.5B,GPQA,20,34.94,1434,7168
DS-R1-1.5B,GPQA,30,34.73,2151,7168
DS-R1-1.5B,GPQA,40,34.67,2867,7168
DS-R1-1.5B,GPQA,50,33.71,3584,7168
DS-R1-1.5B,GSM8K,10,92.28,2111,21104
DS-R1-1.5B,GSM8K,20,91.33,4221,21104
DS-R1-1.5B,GSM8K,30,89.45,6331,21104
DS-R1-1.5B,GSM8K,40,88.19,8442,21104
DS-R1-1.5B,GSM8K,50,86.24,10552,21104
DS-R1-1.5B,MATH500,10,76.38,800,8000
DS-R1-1.5B,MATH500,20,73.5,1600,8000
DS-R1-1.5B,MATH500,30,70.62,2400,8000
DS-R1-1.5B,MATH500,40,68.12,3200,8000
DS-R1-1.5B,MATH500,50,65.03,4000,8000
DS-R1-1.5B,SVAMP,10,91.62,1600,16000
DS-R1-1.5B,SVAMP,20,91.91,3200,16000
DS-R1-1.5B,SVAMP,30,91.19,4800,16000
DS-R1-1.5B,SVAMP,40,90.58,6400,16000
DS-R1-1.5B,SVAMP,50,89.28,8000,16000
DS-R1-7B,AQuA,10,92.14,407,4064
DS-R1-7B,AQuA,20,91.88,813,4064
DS-R1-7B,AQuA,30,89.91,1219,4064
DS-R1-7B,AQuA,40,88.13,1626,4064
DS-R1-7B,AQuA,50,85.88,2032,4064
DS-R1-7B,CommonsenseQA,10,56.91,1954,19536
DS-R1-7B,CommonsenseQA,20,56.83,3908,19536
DS-R1-7B,CommonsenseQA,30,56.49,5861,19536
DS-R1-7B,CommonsenseQA,40,56.05,7815,19536
DS-R1-7B,CommonsenseQA,50,54.98,9768,19536
DS-R1-7B,GPQA,10,43.1,717,7168
DS-R1-7B,GPQA,20,40.45,1434,7168
DS-R1-7B,GPQA,30,41.7,2151,7168
DS-R1-7B,GPQA,40,42.45,2867,7168
DS-R1-7B,GPQA,50,43.64,3584,7168
DS-R1-7B,GSM8K,10,96.92,2111,21104
DS-R1-7B,GSM8K,20,96.14,4221,21104
DS-R1-7B,GSM8K,30,95.75,6331,21104
DS-R1-7B,GSM8K,40,95.31,8442,21104
DS-R1-7B,GSM8K,50,94.85,10552,21104
DS-R1-7B,MATH500,10,77.25,800,8000
DS-R1-7B,MATH500,20,76.31,1600,8000
DS-R1-7B,MATH500,30,75.33,2400,8000
DS-R1-7B,MATH500,40,74.47,3200,8000
DS-R1-7B,MATH500,50,72.52,4000,8000
DS-R1-7B,SVAMP,10,96.25,1600,16000
DS-R1-7B,SVAMP,20,96.12,3200,16000
DS-R1-7B,SVAMP,30,95.88,4800,16000
DS-R1-7B,SVAMP,40,95.86,6400,16000
DS-R1-7B,SVAMP,50,95.75,8000,16000
Gemma-7B,AQuA,10,13.51,407,4064
Gemma-7B,AQuA,20,19.56,813,4064
Gemma-7B,AQuA,30,23.63,1219,4064
Gemma-7B,AQuA,40,25.77,1626,4064
Gemma-7B,AQuA,50,27.31,2032,4064
Gemma-7B,CommonsenseQA,10,15.51,1954,19536
Gemma-7B,CommonsenseQA,20,18.3,3908,19536
Gemma-7B,CommonsenseQA,30,19.69,5861,19536
Gemma-7B,CommonsenseQA,40,17.62,7816,19536
Gemma-7B,CommonsenseQA,50,16.71,9768,19536
Gemma-7B,GPQA,10,11.4,719,7168
Gemma-7B,GPQA,20,7.95,1434,7168
Gemma-7B,GPQA,30,9.02,2151,7168
Gemma-7B,GPQA,40,12.38,2867,7168
Gemma-7B,GPQA,50,15.26,3584,7168
Gemma-7B,GSM8K,10,24.44,2111,21104
Gemma-7B,GSM8K,20,33.07,4221,21104
Gemma-7B,GSM8K,30,35.65,6331,21104
Gemma-7B,GSM8K,40,36.51,8442,21104
Gemma-7B,GSM8K,50,36.59,10552,21104
Gemma-7B,MATH500,10,4.0,800,8000
Gemma-7B,MATH500,20,7.0,1600,8000
Gemma-7B,MATH500,30,9.12,2400,8000
Gemma-7B,MATH500,40,10.91,3200,8000
Gemma-7B,MATH500,50,12.2,4000,8000
Gemma-7B,SVAMP,10,21.94,1600,16000
Gemma-7B,SVAMP,20,32.0,3200,16000
Gemma-7B,SVAMP,30,36.12,4800,16000
Gemma-7B,SVAMP,40,38.72,6400,16000
Gemma-7B,SVAMP,50,40.21,8000,16000
LLaMA-3.1-8B,AQuA,10,56.76,407,4064
LLaMA-3.1-8B,AQuA,20,50.55,813,4064
LLaMA-3.1-8B,AQuA,30,45.53,1219,4064
LLaMA-3.1-8B,AQuA,40,42.8,1626,4064
LLaMA-3.1-8B,AQuA,50,40.9,2032,4064
LLaMA-3.1-8B,CommonsenseQA,10,68.27,1954,19536
LLaMA-3.1-8B,CommonsenseQA,20,68.37,3908,19536
LLaMA-3.1-8B,CommonsenseQA,30,68.11,5861,19536
LLaMA-3.1-8B,CommonsenseQA,40,67.47,7815,19536
LLaMA-3.1-8B,CommonsenseQA,50,67.07,9768,19536
LLaMA-3.1-8B,GPQA,10,38.91,717,7168
LLaMA-3.1-8B,GPQA,20,40.93,1434,7168
LLaMA-3.1-8B,GPQA,30,41.47,2151,7168
LLaMA-3.1-8B,GPQA,40,39.94,2867,7168
LLaMA-3.1-8B,GPQA,50,38.62,3584,7168
LLaMA-3.1-8B,GSM8K,10,82.85,2111,21104
LLaMA-3.1-8B,GSM8K,20,77.49,4221,21104
LLaMA-3.1-8B,GSM8K,30,75.25,6331,21104
LLaMA-3.1-8B,GSM8K,40,77.13,8442,21104
LLaMA-3.1-8B,GSM8K,50,78.03,10552,21104
LLaMA-3.1-8B,MATH500,10,54.5,800,8000
LLaMA-3.1-8B,MATH500,20,44.19,1600,8000
LLaMA-3.1-8B,MATH500,30,39.29,2400,8000
LLaMA-3.1-8B,MATH500,40,36.59,3200,8000
LLaMA-3.1-8B,MATH500,50,35.72,4000,8000
LLaMA-3.1-8B,SVAMP,10,86.19,1600,16000
LLaMA-3.1-8B,SVAMP,20,78.88,3200,16000
LLaMA-3.1-8B,SVAMP,30,79.79,4800,16000
LLaMA-3.1-8B,SVAMP,40,80.94,6400,16000
LLaMA-3.1-8B,SVAMP,50,81.66,8000,16000
Phi-4,AQuA,10,53.32,407,4064
Phi-4,AQuA,20,53.26,813,4064
Phi-4,AQuA,30,52.83,1219,4064
Phi-4,AQuA,40,52.64,1626,4064
Phi-4,AQuA,50,52.85,2032,4064
Phi-4,CommonsenseQA,10,65.76,1954,19536
Phi-4,CommonsenseQA,20,58.01,3908,19536
Phi-4,CommonsenseQA,30,54.72,5861,19536
Phi-4,CommonsenseQA,40,54.06,7815,19536
Phi-4,CommonsenseQA,50,54.95,9769,19536
Phi-4,GPQA,10,17.43,717,7168
Phi-4,GPQA,20,16.44,1442,7168
Phi-4,GPQA,30,17.29,2151,7168
Phi-4,GPQA,40,18.73,2872,7168
Phi-4,GPQA,50,19.78,3584,7168
Phi-4,GSM8K,10,62.58,2111,21104
Phi-4,GSM8K,20,62.73,4221,21104
Phi-4,GSM8K,30,63.01,6331,21104
Phi-4,GSM8K,40,61.41,8442,21104
Phi-4,GSM8K,50,61.44,10552,21104
Phi-4,MATH500,10,60.75,800,8000
Phi-4,MATH500,20,58.56,1600,8000
Phi-4,MATH500,30,56.58,2400,8000
Phi-4,MATH500,40,55.94,3200,8000
Phi-4,MATH500,50,55.78,4000,8000
Phi-4,SVAMP,10,47.31,1600,16000
Phi-4,SVAMP,20,52.03,3200,16000
Phi-4,SVAMP,30,54.06,4800,16000
Phi-4,SVAMP,40,54.53,6400,16000
Phi-4,SVAMP,50,54.86,8000,16000
Phi-4-Reas.,AQuA,10,73.46,407,4064
Phi-4-Reas.,AQuA,20,71.83,813,4064
Phi-4-Reas.,AQuA,30,71.37,1219,4064
Phi-4-Reas.,AQuA,40,68.88,1626,4064
Phi-4-Reas.,AQuA,50,67.37,2032,4064
Phi-4-Reas.,CommonsenseQA,10,67.2,1954,19536
Phi-4-Reas.,CommonsenseQA,20,75.33,3908,19536
Phi-4-Reas.,CommonsenseQA,30,77.34,5861,19536
Phi-4-Reas.,CommonsenseQA,40,78.44,7815,19536
Phi-4-Reas.,CommonsenseQA,50,78.71,9768,19536
Phi-4-Reas.,GPQA,10,56.21,717,7168
Phi-4-Reas.,GPQA,20,58.79,1434,7168
Phi-4-Reas.,GPQA,30,57.51,2151,7168
Phi-4-Reas.,GPQA,40,56.33,2867,7168
Phi-4-Reas.,GPQA,50,54.27,3584,7168
Phi-4-Reas.,GSM8K,10,96.02,2111,21104
Phi-4-Reas.,GSM8K,20,97.2,4221,21104
Phi-4-Reas.,GSM8K,30,97.17,6331,21104
Phi-4-Reas.,GSM8K,40,97.25,8442,21104
Phi-4-Reas.,GSM8K,50,97.15,10552,21104
Phi-4-Reas.,MATH500,10,88.5,800,8000
Phi-4-Reas.,MATH500,20,90.0,1600,8000
Phi-4-Reas.,MATH500,30,91.17,2400,8000
Phi-4-Reas.,MATH500,40,91.38,3200,8000
Phi-4-Reas.,MATH500,50,90.85,4000,8000
Phi-4-Reas.,SVAMP,10,94.5,1600,16000
Phi-4-Reas.,SVAMP,20,95.88,3200,16000
Phi-4-Reas.,SVAMP,30,96.42,4800,16000
Phi-4-Reas.,SVAMP,40,96.45,6400,16000
Phi-4-Reas.,SVAMP,50,96.31,8000,16000
Qwen2.5-7B,AQuA,10,86.49,407,4064
Qwen2.5-7B,AQuA,20,80.69,813,4064
Qwen2.5-7B,AQuA,30,77.44,1219,4064
Qwen2.5-7B,AQuA,40,72.76,1626,4064
Qwen2.5-7B,AQuA,50,66.58,2032,4064
Qwen2.5-7B,CommonsenseQA,10,82.29,1954,19536
Qwen2.5-7B,CommonsenseQA,20,86.03,3908,19536
Qwen2.5-7B,CommonsenseQA,30,86.15,5861,19536
Qwen2.5-7B,CommonsenseQA,40,85.9,7815,19536
Qwen2.5-7B,CommonsenseQA,50,85.1,9768,19536
Qwen2.5-7B,GPQA,10,39.61,717,7168
Qwen2.5-7B,GPQA,20,37.94,1434,7168
Qwen2.5-7B,GPQA,30,36.36,2151,7168
Qwen2.5-7B,GPQA,40,35.86,2867,7168
Qwen2.5-7B,GPQA,50,35.27,3584,7168
Qwen2.5-7B,GSM8K,10,62.62,2111,21104
Qwen2.5-7B,GSM8K,20,61.48,4221,21104
Qwen2.5-7B,GSM8K,30,61.24,6331,21104
Qwen2.5-7B,GSM8K,40,60.89,8442,21104
Qwen2.5-7B,GSM8K,50,64.6,10552,21104
Qwen2.5-7B,MATH500,10,53.5,800,8000
Qwen2.5-7B,MATH500,20,51.0,1600,8000
Qwen2.5-7B,MATH500,30,49.54,2400,8000
Qwen2.5-7B,MATH500,40,48.03,3200,8000
Qwen2.5-7B,MATH500,50,46.18,4000,8000
Qwen2.5-7B,SVAMP,10,62.25,1600,16000
Qwen2.5-7B,SVAMP,20,61.72,3200,16000
Qwen2.5-7B,SVAMP,30,62.29,4800,16000
Qwen2.5-7B,SVAMP,40,62.25,6400,16000
Qwen2.5-7B,SVAMP,50,66.95,8000,16000
Qwen2.5-Math,AQuA,10,47.91,407,4064
Qwen2.5-Math,AQuA,20,48.95,813,4064
Qwen2.5-Math,AQuA,30,50.45,1219,4064
Qwen2.5-Math,AQuA,40,51.41,1626,4064
Qwen2.5-Math,AQuA,50,51.92,2032,4064
Qwen2.5-Math,CommonsenseQA,10,50.72,1954,19536
Qwen2.5-Math,CommonsenseQA,20,50.38,3908,19536
Qwen2.5-Math,CommonsenseQA,30,50.2,5861,19536
Qwen2.5-Math,CommonsenseQA,40,50.53,7815,19536
Qwen2.5-Math,CommonsenseQA,50,50.51,9768,19536
Qwen2.5-Math,GPQA,10,39.19,717,7168
Qwen2.5-Math,GPQA,20,37.03,1434,7168
Qwen2.5-Math,GPQA,30,35.66,2151,7168
Qwen2.5-Math,GPQA,40,34.67,2867,7168
Qwen2.5-Math,GPQA,50,33.62,3584,7168
Qwen2.5-Math,GSM8K,10,55.42,2111,21104
Qwen2.5-Math,GSM8K,20,61.38,4221,21104
Qwen2.5-Math,GSM8K,30,64.38,6331,21104
Qwen2.5-Math,GSM8K,40,66.32,8442,21104
Qwen2.5-Math,GSM8K,50,67.87,10552,21104
Qwen2.5-Math,MATH500,10,61.0,800,8000
Qwen2.5-Math,MATH500,20,62.56,1600,8000
Qwen2.5-Math,MATH500,30,63.38,2400,8000
Qwen2.5-Math,MATH500,40,64.53,3200,8000
Qwen2.5-Math,MATH500,50,65.3,4000,8000
Qwen2.5-Math,SVAMP,10,44.75,1600,16000
Qwen2.5-Math,SVAMP,20,57.41,3200,16000
Qwen2.5-Math,SVAMP,30,63.38,4800,16000
Qwen2.5-Math,SVAMP,40,67.72,6400,16000
Qwen2.5-Math,SVAMP,50,70.44,8000,16000
Qwen3-4B,AQuA,10,53.32,407,4064
Qwen3-4B,AQuA,20,53.38,813,4064
Qwen3-4B,AQuA,30,51.76,1219,4064
Qwen3-4B,AQuA,40,51.66,1626,4064
Qwen3-4B,AQuA,50,51.57,2032,4064
Qwen3-4B,CommonsenseQA,10,84.49,1954,19536
Qwen3-4B,CommonsenseQA,20,78.33,3908,19536
Qwen3-4B,CommonsenseQA,30,74.95,5861,19536
Qwen3-4B,CommonsenseQA,40,72.83,7815,19536
Qwen3-4B,CommonsenseQA,50,70.77,9768,19536
Qwen3-4B,GPQA,10,62.9,717,7168
Qwen3-4B,GPQA,20,58.23,1434,7168
Qwen3-4B,GPQA,30,57.74,2151,7168
Qwen3-4B,GPQA,40,57.31,2867,7168
Qwen3-4B,GPQA,50,56.72,3584,7168
Qwen3-4B,GSM8K,10,92.14,2111,21104
Qwen3-4B,GSM8K,20,91.12,4221,21104
Qwen3-4B,GSM8K,30,88.63,6331,21104
Qwen3-4B,GSM8K,40,85.87,8442,21104
Qwen3-4B,GSM8K,50,83.41,10552,21104
Qwen3-4B,MATH500,10,27.0,800,8000
Qwen3-4B,MATH500,20,31.06,1600,8000
Qwen3-4B,MATH500,30,34.83,2400,8000
Qwen3-4B,MATH500,40,36.62,3200,8000
Qwen3-4B,MATH500,50,39.02,4000,8000
Qwen3-4B,SVAMP,10,88.0,1600,16000
Qwen3-4B,SVAMP,20,87.94,3200,16000
Qwen3-4B,SVAMP,30,86.88,4800,16000
Qwen3-4B,SVAMP,40,85.64,6400,16000
Qwen3-4B,SVAMP,50,83.93,8000,16000
