benchmark,model_a,model_b,pass1_a,pass1_b,frs_a,frs_b,signed_pass1_gap,signed_frs_gap,abs_pass1_gap,abs_frs_gap
AQuA,DS-R1-1.5B,DS-R1-7B,11.0,69.3,90.1,96.8,-58.3,-6.700000000000003,58.3,6.700000000000003
AQuA,DS-R1-1.5B,Gemma-7B,11.0,3.5,90.1,22.2,7.5,67.89999999999999,7.5,67.89999999999999
AQuA,DS-R1-1.5B,LLaMA-3.1-8B,11.0,48.8,90.1,52.9,-37.8,37.199999999999996,37.8,37.199999999999996
AQuA,DS-R1-1.5B,Phi-4,11.0,77.6,90.1,78.5,-66.6,11.599999999999994,66.6,11.599999999999994
AQuA,DS-R1-1.5B,Phi-4-Reas.,11.0,68.1,90.1,83.2,-57.099999999999994,6.8999999999999915,57.099999999999994,6.8999999999999915
AQuA,DS-R1-1.5B,Qwen2.5-7B,11.0,78.3,90.1,77.2,-67.3,12.899999999999991,67.3,12.899999999999991
AQuA,DS-R1-1.5B,Qwen2.5-Math,11.0,29.1,90.1,74.9,-18.1,15.199999999999989,18.1,15.199999999999989
AQuA,DS-R1-1.5B,Qwen3-4B,11.0,57.5,90.1,78.5,-46.5,11.599999999999994,46.5,11.599999999999994
AQuA,DS-R1-7B,Gemma-7B,69.3,3.5,96.8,22.2,65.8,74.6,65.8,74.6
AQuA,DS-R1-7B,LLaMA-3.1-8B,69.3,48.8,96.8,52.9,20.5,43.9,20.5,43.9
AQuA,DS-R1-7B,Phi-4,69.3,77.6,96.8,78.5,-8.299999999999997,18.299999999999997,8.299999999999997,18.299999999999997
AQuA,DS-R1-7B,Phi-4-Reas.,69.3,68.1,96.8,83.2,1.2000000000000028,13.599999999999994,1.2000000000000028,13.599999999999994
AQuA,DS-R1-7B,Qwen2.5-7B,69.3,78.3,96.8,77.2,-9.0,19.599999999999994,9.0,19.599999999999994
AQuA,DS-R1-7B,Qwen2.5-Math,69.3,29.1,96.8,74.9,40.199999999999996,21.89999999999999,40.199999999999996,21.89999999999999
AQuA,DS-R1-7B,Qwen3-4B,69.3,57.5,96.8,78.5,11.799999999999997,18.299999999999997,11.799999999999997,18.299999999999997
AQuA,Gemma-7B,LLaMA-3.1-8B,3.5,48.8,22.2,52.9,-45.3,-30.7,45.3,30.7
AQuA,Gemma-7B,Phi-4,3.5,77.6,22.2,78.5,-74.1,-56.3,74.1,56.3
AQuA,Gemma-7B,Phi-4-Reas.,3.5,68.1,22.2,83.2,-64.6,-61.0,64.6,61.0
AQuA,Gemma-7B,Qwen2.5-7B,3.5,78.3,22.2,77.2,-74.8,-55.0,74.8,55.0
AQuA,Gemma-7B,Qwen2.5-Math,3.5,29.1,22.2,74.9,-25.6,-52.7,25.6,52.7
AQuA,Gemma-7B,Qwen3-4B,3.5,57.5,22.2,78.5,-54.0,-56.3,54.0,56.3
AQuA,LLaMA-3.1-8B,Phi-4,48.8,77.6,52.9,78.5,-28.799999999999997,-25.6,28.799999999999997,25.6
AQuA,LLaMA-3.1-8B,Phi-4-Reas.,48.8,68.1,52.9,83.2,-19.299999999999997,-30.300000000000004,19.299999999999997,30.300000000000004
AQuA,LLaMA-3.1-8B,Qwen2.5-7B,48.8,78.3,52.9,77.2,-29.5,-24.300000000000004,29.5,24.300000000000004
AQuA,LLaMA-3.1-8B,Qwen2.5-Math,48.8,29.1,52.9,74.9,19.699999999999996,-22.000000000000007,19.699999999999996,22.000000000000007
AQuA,LLaMA-3.1-8B,Qwen3-4B,48.8,57.5,52.9,78.5,-8.700000000000003,-25.6,8.700000000000003,25.6
AQuA,Phi-4,Phi-4-Reas.,77.6,68.1,78.5,83.2,9.5,-4.700000000000003,9.5,4.700000000000003
AQuA,Phi-4,Qwen2.5-7B,77.6,78.3,78.5,77.2,-0.7000000000000028,1.2999999999999972,0.7000000000000028,1.2999999999999972
AQuA,Phi-4,Qwen2.5-Math,77.6,29.1,78.5,74.9,48.49999999999999,3.5999999999999943,48.49999999999999,3.5999999999999943
AQuA,Phi-4,Qwen3-4B,77.6,57.5,78.5,78.5,20.099999999999994,0.0,20.099999999999994,0.0
AQuA,Phi-4-Reas.,Qwen2.5-7B,68.1,78.3,83.2,77.2,-10.200000000000003,6.0,10.200000000000003,6.0
AQuA,Phi-4-Reas.,Qwen2.5-Math,68.1,29.1,83.2,74.9,38.99999999999999,8.299999999999997,38.99999999999999,8.299999999999997
AQuA,Phi-4-Reas.,Qwen3-4B,68.1,57.5,83.2,78.5,10.599999999999994,4.700000000000003,10.599999999999994,4.700000000000003
AQuA,Qwen2.5-7B,Qwen2.5-Math,78.3,29.1,77.2,74.9,49.199999999999996,2.299999999999997,49.199999999999996,2.299999999999997
AQuA,Qwen2.5-7B,Qwen3-4B,78.3,57.5,77.2,78.5,20.799999999999997,-1.2999999999999972,20.799999999999997,1.2999999999999972
AQuA,Qwen2.5-Math,Qwen3-4B,29.1,57.5,74.9,78.5,-28.4,-3.5999999999999943,28.4,3.5999999999999943
CSQA,DS-R1-1.5B,DS-R1-7B,39.6,47.3,56.1,79.2,-7.699999999999996,-23.1,7.699999999999996,23.1
CSQA,DS-R1-1.5B,Gemma-7B,39.6,27.3,56.1,13.4,12.3,42.7,12.3,42.7
CSQA,DS-R1-1.5B,LLaMA-3.1-8B,39.6,66.3,56.1,55.0,-26.699999999999996,1.1000000000000014,26.699999999999996,1.1000000000000014
CSQA,DS-R1-1.5B,Phi-4,39.6,21.5,56.1,77.2,18.1,-21.1,18.1,21.1
CSQA,DS-R1-1.5B,Phi-4-Reas.,39.6,36.9,56.1,33.4,2.700000000000003,22.700000000000003,2.700000000000003,22.700000000000003
CSQA,DS-R1-1.5B,Qwen2.5-7B,39.6,81.8,56.1,70.1,-42.199999999999996,-13.999999999999993,42.199999999999996,13.999999999999993
CSQA,DS-R1-1.5B,Qwen2.5-Math,39.6,45.9,56.1,70.6,-6.299999999999997,-14.499999999999993,6.299999999999997,14.499999999999993
CSQA,DS-R1-1.5B,Qwen3-4B,39.6,69.5,56.1,75.0,-29.9,-18.9,29.9,18.9
CSQA,DS-R1-7B,Gemma-7B,47.3,27.3,79.2,13.4,19.999999999999996,65.8,19.999999999999996,65.8
CSQA,DS-R1-7B,LLaMA-3.1-8B,47.3,66.3,79.2,55.0,-19.0,24.200000000000003,19.0,24.200000000000003
CSQA,DS-R1-7B,Phi-4,47.3,21.5,79.2,77.2,25.799999999999997,2.0,25.799999999999997,2.0
CSQA,DS-R1-7B,Phi-4-Reas.,47.3,36.9,79.2,33.4,10.399999999999999,45.800000000000004,10.399999999999999,45.800000000000004
CSQA,DS-R1-7B,Qwen2.5-7B,47.3,81.8,79.2,70.1,-34.5,9.100000000000009,34.5,9.100000000000009
CSQA,DS-R1-7B,Qwen2.5-Math,47.3,45.9,79.2,70.6,1.3999999999999986,8.600000000000009,1.3999999999999986,8.600000000000009
CSQA,DS-R1-7B,Qwen3-4B,47.3,69.5,79.2,75.0,-22.200000000000003,4.200000000000003,22.200000000000003,4.200000000000003
CSQA,Gemma-7B,LLaMA-3.1-8B,27.3,66.3,13.4,55.0,-39.0,-41.6,39.0,41.6
CSQA,Gemma-7B,Phi-4,27.3,21.5,13.4,77.2,5.800000000000001,-63.800000000000004,5.800000000000001,63.800000000000004
CSQA,Gemma-7B,Phi-4-Reas.,27.3,36.9,13.4,33.4,-9.599999999999998,-20.0,9.599999999999998,20.0
CSQA,Gemma-7B,Qwen2.5-7B,27.3,81.8,13.4,70.1,-54.5,-56.699999999999996,54.5,56.699999999999996
CSQA,Gemma-7B,Qwen2.5-Math,27.3,45.9,13.4,70.6,-18.599999999999998,-57.199999999999996,18.599999999999998,57.199999999999996
CSQA,Gemma-7B,Qwen3-4B,27.3,69.5,13.4,75.0,-42.2,-61.6,42.2,61.6
CSQA,LLaMA-3.1-8B,Phi-4,66.3,21.5,55.0,77.2,44.8,-22.200000000000003,44.8,22.200000000000003
CSQA,LLaMA-3.1-8B,Phi-4-Reas.,66.3,36.9,55.0,33.4,29.4,21.6,29.4,21.6
CSQA,LLaMA-3.1-8B,Qwen2.5-7B,66.3,81.8,55.0,70.1,-15.5,-15.099999999999994,15.5,15.099999999999994
CSQA,LLaMA-3.1-8B,Qwen2.5-Math,66.3,45.9,55.0,70.6,20.4,-15.599999999999994,20.4,15.599999999999994
CSQA,LLaMA-3.1-8B,Qwen3-4B,66.3,69.5,55.0,75.0,-3.200000000000003,-20.0,3.200000000000003,20.0
CSQA,Phi-4,Phi-4-Reas.,21.5,36.9,77.2,33.4,-15.399999999999999,43.800000000000004,15.399999999999999,43.800000000000004
CSQA,Phi-4,Qwen2.5-7B,21.5,81.8,77.2,70.1,-60.3,7.1000000000000085,60.3,7.1000000000000085
CSQA,Phi-4,Qwen2.5-Math,21.5,45.9,77.2,70.6,-24.4,6.6000000000000085,24.4,6.6000000000000085
CSQA,Phi-4,Qwen3-4B,21.5,69.5,77.2,75.0,-48.0,2.200000000000003,48.0,2.200000000000003
CSQA,Phi-4-Reas.,Qwen2.5-7B,36.9,81.8,33.4,70.1,-44.9,-36.699999999999996,44.9,36.699999999999996
CSQA,Phi-4-Reas.,Qwen2.5-Math,36.9,45.9,33.4,70.6,-9.0,-37.199999999999996,9.0,37.199999999999996
CSQA,Phi-4-Reas.,Qwen3-4B,36.9,69.5,33.4,75.0,-32.6,-41.6,32.6,41.6
CSQA,Qwen2.5-7B,Qwen2.5-Math,81.8,45.9,70.1,70.6,35.9,-0.5,35.9,0.5
CSQA,Qwen2.5-7B,Qwen3-4B,81.8,69.5,70.1,75.0,12.299999999999997,-4.900000000000006,12.299999999999997,4.900000000000006
CSQA,Qwen2.5-Math,Qwen3-4B,45.9,69.5,70.6,75.0,-23.6,-4.400000000000006,23.6,4.400000000000006
GPQA,DS-R1-1.5B,DS-R1-7B,37.9,46.2,56.6,62.9,-8.300000000000004,-6.299999999999997,8.300000000000004,6.299999999999997
GPQA,DS-R1-1.5B,Gemma-7B,37.9,24.8,56.6,30.9,13.099999999999998,25.700000000000003,13.099999999999998,25.700000000000003
GPQA,DS-R1-1.5B,LLaMA-3.1-8B,37.9,38.4,56.6,50.5,-0.5,6.100000000000001,0.5,6.100000000000001
GPQA,DS-R1-1.5B,Phi-4,37.9,29.7,56.6,48.4,8.2,8.200000000000003,8.2,8.200000000000003
GPQA,DS-R1-1.5B,Phi-4-Reas.,37.9,44.0,56.6,62.3,-6.100000000000001,-5.699999999999996,6.100000000000001,5.699999999999996
GPQA,DS-R1-1.5B,Qwen2.5-7B,37.9,35.9,56.6,55.1,2.0,1.5,2.0,1.5
GPQA,DS-R1-1.5B,Qwen2.5-Math,37.9,24.3,56.6,54.6,13.599999999999998,2.0,13.599999999999998,2.0
GPQA,DS-R1-1.5B,Qwen3-4B,37.9,60.5,56.6,58.8,-22.6,-2.1999999999999957,22.6,2.1999999999999957
GPQA,DS-R1-7B,Gemma-7B,46.2,24.8,62.9,30.9,21.400000000000002,32.0,21.400000000000002,32.0
GPQA,DS-R1-7B,LLaMA-3.1-8B,46.2,38.4,62.9,50.5,7.800000000000004,12.399999999999999,7.800000000000004,12.399999999999999
GPQA,DS-R1-7B,Phi-4,46.2,29.7,62.9,48.4,16.500000000000004,14.5,16.500000000000004,14.5
GPQA,DS-R1-7B,Phi-4-Reas.,46.2,44.0,62.9,62.3,2.200000000000003,0.6000000000000014,2.200000000000003,0.6000000000000014
GPQA,DS-R1-7B,Qwen2.5-7B,46.2,35.9,62.9,55.1,10.300000000000004,7.799999999999997,10.300000000000004,7.799999999999997
GPQA,DS-R1-7B,Qwen2.5-Math,46.2,24.3,62.9,54.6,21.900000000000002,8.299999999999997,21.900000000000002,8.299999999999997
GPQA,DS-R1-7B,Qwen3-4B,46.2,60.5,62.9,58.8,-14.299999999999997,4.100000000000001,14.299999999999997,4.100000000000001
GPQA,Gemma-7B,LLaMA-3.1-8B,24.8,38.4,30.9,50.5,-13.599999999999998,-19.6,13.599999999999998,19.6
GPQA,Gemma-7B,Phi-4,24.8,29.7,30.9,48.4,-4.899999999999999,-17.5,4.899999999999999,17.5
GPQA,Gemma-7B,Phi-4-Reas.,24.8,44.0,30.9,62.3,-19.2,-31.4,19.2,31.4
GPQA,Gemma-7B,Qwen2.5-7B,24.8,35.9,30.9,55.1,-11.099999999999998,-24.200000000000003,11.099999999999998,24.200000000000003
GPQA,Gemma-7B,Qwen2.5-Math,24.8,24.3,30.9,54.6,0.5,-23.700000000000003,0.5,23.700000000000003
GPQA,Gemma-7B,Qwen3-4B,24.8,60.5,30.9,58.8,-35.7,-27.9,35.7,27.9
GPQA,LLaMA-3.1-8B,Phi-4,38.4,29.7,50.5,48.4,8.7,2.1000000000000014,8.7,2.1000000000000014
GPQA,LLaMA-3.1-8B,Phi-4-Reas.,38.4,44.0,50.5,62.3,-5.600000000000001,-11.799999999999997,5.600000000000001,11.799999999999997
GPQA,LLaMA-3.1-8B,Qwen2.5-7B,38.4,35.9,50.5,55.1,2.5,-4.600000000000001,2.5,4.600000000000001
GPQA,LLaMA-3.1-8B,Qwen2.5-Math,38.4,24.3,50.5,54.6,14.099999999999998,-4.100000000000001,14.099999999999998,4.100000000000001
GPQA,LLaMA-3.1-8B,Qwen3-4B,38.4,60.5,50.5,58.8,-22.1,-8.299999999999997,22.1,8.299999999999997
GPQA,Phi-4,Phi-4-Reas.,29.7,44.0,48.4,62.3,-14.3,-13.899999999999999,14.3,13.899999999999999
GPQA,Phi-4,Qwen2.5-7B,29.7,35.9,48.4,55.1,-6.199999999999999,-6.700000000000003,6.199999999999999,6.700000000000003
GPQA,Phi-4,Qwen2.5-Math,29.7,24.3,48.4,54.6,5.399999999999999,-6.200000000000003,5.399999999999999,6.200000000000003
GPQA,Phi-4,Qwen3-4B,29.7,60.5,48.4,58.8,-30.8,-10.399999999999999,30.8,10.399999999999999
GPQA,Phi-4-Reas.,Qwen2.5-7B,44.0,35.9,62.3,55.1,8.100000000000001,7.199999999999996,8.100000000000001,7.199999999999996
GPQA,Phi-4-Reas.,Qwen2.5-Math,44.0,24.3,62.3,54.6,19.7,7.699999999999996,19.7,7.699999999999996
GPQA,Phi-4-Reas.,Qwen3-4B,44.0,60.5,62.3,58.8,-16.5,3.5,16.5,3.5
GPQA,Qwen2.5-7B,Qwen2.5-Math,35.9,24.3,55.1,54.6,11.599999999999998,0.5,11.599999999999998,0.5
GPQA,Qwen2.5-7B,Qwen3-4B,35.9,60.5,55.1,58.8,-24.6,-3.6999999999999957,24.6,3.6999999999999957
GPQA,Qwen2.5-Math,Qwen3-4B,24.3,60.5,54.6,58.8,-36.2,-4.199999999999996,36.2,4.199999999999996
GSM8K,DS-R1-1.5B,DS-R1-7B,60.1,91.5,95.1,98.9,-31.4,-3.8000000000000114,31.4,3.8000000000000114
GSM8K,DS-R1-1.5B,Gemma-7B,60.1,36.9,95.1,41.2,23.200000000000003,53.89999999999999,23.200000000000003,53.89999999999999
GSM8K,DS-R1-1.5B,LLaMA-3.1-8B,60.1,81.3,95.1,79.9,-21.199999999999996,15.199999999999989,21.199999999999996,15.199999999999989
GSM8K,DS-R1-1.5B,Phi-4,60.1,93.0,95.1,91.5,-32.9,3.5999999999999943,32.9,3.5999999999999943
GSM8K,DS-R1-1.5B,Phi-4-Reas.,60.1,95.4,95.1,84.5,-35.300000000000004,10.599999999999994,35.300000000000004,10.599999999999994
GSM8K,DS-R1-1.5B,Qwen2.5-7B,60.1,90.9,95.1,65.6,-30.800000000000004,29.5,30.800000000000004,29.5
GSM8K,DS-R1-1.5B,Qwen2.5-Math,60.1,84.55,95.1,90.8,-24.449999999999996,4.299999999999997,24.449999999999996,4.299999999999997
GSM8K,DS-R1-1.5B,Qwen3-4B,60.1,72.2,95.1,90.9,-12.100000000000001,4.199999999999989,12.100000000000001,4.199999999999989
GSM8K,DS-R1-7B,Gemma-7B,91.5,36.9,98.9,41.2,54.6,57.7,54.6,57.7
GSM8K,DS-R1-7B,LLaMA-3.1-8B,91.5,81.3,98.9,79.9,10.200000000000003,19.0,10.200000000000003,19.0
GSM8K,DS-R1-7B,Phi-4,91.5,93.0,98.9,91.5,-1.5,7.400000000000006,1.5,7.400000000000006
GSM8K,DS-R1-7B,Phi-4-Reas.,91.5,95.4,98.9,84.5,-3.9000000000000057,14.400000000000006,3.9000000000000057,14.400000000000006
GSM8K,DS-R1-7B,Qwen2.5-7B,91.5,90.9,98.9,65.6,0.5999999999999943,33.30000000000001,0.5999999999999943,33.30000000000001
GSM8K,DS-R1-7B,Qwen2.5-Math,91.5,84.55,98.9,90.8,6.950000000000003,8.100000000000009,6.950000000000003,8.100000000000009
GSM8K,DS-R1-7B,Qwen3-4B,91.5,72.2,98.9,90.9,19.299999999999997,8.0,19.299999999999997,8.0
GSM8K,Gemma-7B,LLaMA-3.1-8B,36.9,81.3,41.2,79.9,-44.4,-38.7,44.4,38.7
GSM8K,Gemma-7B,Phi-4,36.9,93.0,41.2,91.5,-56.1,-50.3,56.1,50.3
GSM8K,Gemma-7B,Phi-4-Reas.,36.9,95.4,41.2,84.5,-58.50000000000001,-43.3,58.50000000000001,43.3
GSM8K,Gemma-7B,Qwen2.5-7B,36.9,90.9,41.2,65.6,-54.00000000000001,-24.39999999999999,54.00000000000001,24.39999999999999
GSM8K,Gemma-7B,Qwen2.5-Math,36.9,84.55,41.2,90.8,-47.65,-49.599999999999994,47.65,49.599999999999994
GSM8K,Gemma-7B,Qwen3-4B,36.9,72.2,41.2,90.9,-35.300000000000004,-49.7,35.300000000000004,49.7
GSM8K,LLaMA-3.1-8B,Phi-4,81.3,93.0,79.9,91.5,-11.700000000000003,-11.599999999999994,11.700000000000003,11.599999999999994
GSM8K,LLaMA-3.1-8B,Phi-4-Reas.,81.3,95.4,79.9,84.5,-14.100000000000009,-4.599999999999994,14.100000000000009,4.599999999999994
GSM8K,LLaMA-3.1-8B,Qwen2.5-7B,81.3,90.9,79.9,65.6,-9.600000000000009,14.300000000000011,9.600000000000009,14.300000000000011
GSM8K,LLaMA-3.1-8B,Qwen2.5-Math,81.3,84.55,79.9,90.8,-3.25,-10.899999999999991,3.25,10.899999999999991
GSM8K,LLaMA-3.1-8B,Qwen3-4B,81.3,72.2,79.9,90.9,9.099999999999994,-11.0,9.099999999999994,11.0
GSM8K,Phi-4,Phi-4-Reas.,93.0,95.4,91.5,84.5,-2.4000000000000057,7.0,2.4000000000000057,7.0
GSM8K,Phi-4,Qwen2.5-7B,93.0,90.9,91.5,65.6,2.0999999999999943,25.900000000000006,2.0999999999999943,25.900000000000006
GSM8K,Phi-4,Qwen2.5-Math,93.0,84.55,91.5,90.8,8.450000000000003,0.7000000000000028,8.450000000000003,0.7000000000000028
GSM8K,Phi-4,Qwen3-4B,93.0,72.2,91.5,90.9,20.799999999999997,0.5999999999999943,20.799999999999997,0.5999999999999943
GSM8K,Phi-4-Reas.,Qwen2.5-7B,95.4,90.9,84.5,65.6,4.5,18.900000000000006,4.5,18.900000000000006
GSM8K,Phi-4-Reas.,Qwen2.5-Math,95.4,84.55,84.5,90.8,10.850000000000009,-6.299999999999997,10.850000000000009,6.299999999999997
GSM8K,Phi-4-Reas.,Qwen3-4B,95.4,72.2,84.5,90.9,23.200000000000003,-6.400000000000006,23.200000000000003,6.400000000000006
GSM8K,Qwen2.5-7B,Qwen2.5-Math,90.9,84.55,65.6,90.8,6.3500000000000085,-25.200000000000003,6.3500000000000085,25.200000000000003
GSM8K,Qwen2.5-7B,Qwen3-4B,90.9,72.2,65.6,90.9,18.700000000000003,-25.30000000000001,18.700000000000003,25.30000000000001
GSM8K,Qwen2.5-Math,Qwen3-4B,84.55,72.2,90.8,90.9,12.349999999999994,-0.10000000000000853,12.349999999999994,0.10000000000000853
MATH500,DS-R1-1.5B,DS-R1-7B,43.2,63.6,84.5,94.0,-20.4,-9.5,20.4,9.5
MATH500,DS-R1-1.5B,Gemma-7B,43.2,18.2,84.5,18.9,25.000000000000004,65.6,25.000000000000004,65.6
MATH500,DS-R1-1.5B,LLaMA-3.1-8B,43.2,35.6,84.5,60.6,7.600000000000001,23.9,7.600000000000001,23.9
MATH500,DS-R1-1.5B,Phi-4,43.2,60.8,84.5,74.4,-17.599999999999994,10.099999999999994,17.599999999999994,10.099999999999994
MATH500,DS-R1-1.5B,Phi-4-Reas.,43.2,74.6,84.5,80.0,-31.39999999999999,4.5,31.39999999999999,4.5
MATH500,DS-R1-1.5B,Qwen2.5-7B,43.2,60.6,84.5,75.6,-17.4,8.900000000000006,17.4,8.900000000000006
MATH500,DS-R1-1.5B,Qwen2.5-Math,43.2,63.6,84.5,77.5,-20.4,7.0,20.4,7.0
MATH500,DS-R1-1.5B,Qwen3-4B,43.2,49.8,84.5,63.5,-6.599999999999994,21.0,6.599999999999994,21.0
MATH500,DS-R1-7B,Gemma-7B,63.6,18.2,94.0,18.9,45.400000000000006,75.1,45.400000000000006,75.1
MATH500,DS-R1-7B,LLaMA-3.1-8B,63.6,35.6,94.0,60.6,28.0,33.4,28.0,33.4
MATH500,DS-R1-7B,Phi-4,63.6,60.8,94.0,74.4,2.8000000000000043,19.599999999999994,2.8000000000000043,19.599999999999994
MATH500,DS-R1-7B,Phi-4-Reas.,63.6,74.6,94.0,80.0,-10.999999999999993,14.0,10.999999999999993,14.0
MATH500,DS-R1-7B,Qwen2.5-7B,63.6,60.6,94.0,75.6,3.0,18.400000000000006,3.0,18.400000000000006
MATH500,DS-R1-7B,Qwen2.5-Math,63.6,63.6,94.0,77.5,0.0,16.5,0.0,16.5
MATH500,DS-R1-7B,Qwen3-4B,63.6,49.8,94.0,63.5,13.800000000000004,30.5,13.800000000000004,30.5
MATH500,Gemma-7B,LLaMA-3.1-8B,18.2,35.6,18.9,60.6,-17.400000000000002,-41.7,17.400000000000002,41.7
MATH500,Gemma-7B,Phi-4,18.2,60.8,18.9,74.4,-42.599999999999994,-55.50000000000001,42.599999999999994,55.50000000000001
MATH500,Gemma-7B,Phi-4-Reas.,18.2,74.6,18.9,80.0,-56.39999999999999,-61.1,56.39999999999999,61.1
MATH500,Gemma-7B,Qwen2.5-7B,18.2,60.6,18.9,75.6,-42.400000000000006,-56.699999999999996,42.400000000000006,56.699999999999996
MATH500,Gemma-7B,Qwen2.5-Math,18.2,63.6,18.9,77.5,-45.400000000000006,-58.6,45.400000000000006,58.6
MATH500,Gemma-7B,Qwen3-4B,18.2,49.8,18.9,63.5,-31.599999999999998,-44.6,31.599999999999998,44.6
MATH500,LLaMA-3.1-8B,Phi-4,35.6,60.8,60.6,74.4,-25.199999999999996,-13.800000000000004,25.199999999999996,13.800000000000004
MATH500,LLaMA-3.1-8B,Phi-4-Reas.,35.6,74.6,60.6,80.0,-38.99999999999999,-19.4,38.99999999999999,19.4
MATH500,LLaMA-3.1-8B,Qwen2.5-7B,35.6,60.6,60.6,75.6,-25.0,-14.999999999999993,25.0,14.999999999999993
MATH500,LLaMA-3.1-8B,Qwen2.5-Math,35.6,63.6,60.6,77.5,-28.0,-16.9,28.0,16.9
MATH500,LLaMA-3.1-8B,Qwen3-4B,35.6,49.8,60.6,63.5,-14.199999999999996,-2.8999999999999986,14.199999999999996,2.8999999999999986
MATH500,Phi-4,Phi-4-Reas.,60.8,74.6,74.4,80.0,-13.799999999999997,-5.599999999999994,13.799999999999997,5.599999999999994
MATH500,Phi-4,Qwen2.5-7B,60.8,60.6,74.4,75.6,0.19999999999999574,-1.1999999999999886,0.19999999999999574,1.1999999999999886
MATH500,Phi-4,Qwen2.5-Math,60.8,63.6,74.4,77.5,-2.8000000000000043,-3.0999999999999943,2.8000000000000043,3.0999999999999943
MATH500,Phi-4,Qwen3-4B,60.8,49.8,74.4,63.5,11.0,10.900000000000006,11.0,10.900000000000006
MATH500,Phi-4-Reas.,Qwen2.5-7B,74.6,60.6,80.0,75.6,13.999999999999993,4.400000000000006,13.999999999999993,4.400000000000006
MATH500,Phi-4-Reas.,Qwen2.5-Math,74.6,63.6,80.0,77.5,10.999999999999993,2.5,10.999999999999993,2.5
MATH500,Phi-4-Reas.,Qwen3-4B,74.6,49.8,80.0,63.5,24.799999999999997,16.5,24.799999999999997,16.5
MATH500,Qwen2.5-7B,Qwen2.5-Math,60.6,63.6,75.6,77.5,-3.0,-1.9000000000000057,3.0,1.9000000000000057
MATH500,Qwen2.5-7B,Qwen3-4B,60.6,49.8,75.6,63.5,10.800000000000004,12.099999999999994,10.800000000000004,12.099999999999994
MATH500,Qwen2.5-Math,Qwen3-4B,63.6,49.8,77.5,63.5,13.800000000000004,14.0,13.800000000000004,14.0
SVAMP,DS-R1-1.5B,DS-R1-7B,65.8,91.1,96.9,99.0,-25.299999999999997,-2.0999999999999943,25.299999999999997,2.0999999999999943
SVAMP,DS-R1-1.5B,Gemma-7B,65.8,37.8,96.9,31.1,28.0,65.80000000000001,28.0,65.80000000000001
SVAMP,DS-R1-1.5B,LLaMA-3.1-8B,65.8,85.2,96.9,80.0,-19.400000000000006,16.900000000000006,19.400000000000006,16.900000000000006
SVAMP,DS-R1-1.5B,Phi-4,65.8,92.3,96.9,75.5,-26.5,21.400000000000006,26.5,21.400000000000006
SVAMP,DS-R1-1.5B,Phi-4-Reas.,65.8,94.6,96.9,74.8,-28.799999999999997,22.10000000000001,28.799999999999997,22.10000000000001
SVAMP,DS-R1-1.5B,Qwen2.5-7B,65.8,93.6,96.9,64.9,-27.799999999999997,32.0,27.799999999999997,32.0
SVAMP,DS-R1-1.5B,Qwen2.5-Math,65.8,90.8,96.9,74.5,-25.0,22.400000000000006,25.0,22.400000000000006
SVAMP,DS-R1-1.5B,Qwen3-4B,65.8,79.5,96.9,91.0,-13.700000000000003,5.900000000000006,13.700000000000003,5.900000000000006
SVAMP,DS-R1-7B,Gemma-7B,91.1,37.8,99.0,31.1,53.3,67.9,53.3,67.9
SVAMP,DS-R1-7B,LLaMA-3.1-8B,91.1,85.2,99.0,80.0,5.8999999999999915,19.0,5.8999999999999915,19.0
SVAMP,DS-R1-7B,Phi-4,91.1,92.3,99.0,75.5,-1.2000000000000028,23.5,1.2000000000000028,23.5
SVAMP,DS-R1-7B,Phi-4-Reas.,91.1,94.6,99.0,74.8,-3.5,24.200000000000003,3.5,24.200000000000003
SVAMP,DS-R1-7B,Qwen2.5-7B,91.1,93.6,99.0,64.9,-2.5,34.099999999999994,2.5,34.099999999999994
SVAMP,DS-R1-7B,Qwen2.5-Math,91.1,90.8,99.0,74.5,0.29999999999999716,24.5,0.29999999999999716,24.5
SVAMP,DS-R1-7B,Qwen3-4B,91.1,79.5,99.0,91.0,11.599999999999994,8.0,11.599999999999994,8.0
SVAMP,Gemma-7B,LLaMA-3.1-8B,37.8,85.2,31.1,80.0,-47.400000000000006,-48.9,47.400000000000006,48.9
SVAMP,Gemma-7B,Phi-4,37.8,92.3,31.1,75.5,-54.5,-44.4,54.5,44.4
SVAMP,Gemma-7B,Phi-4-Reas.,37.8,94.6,31.1,74.8,-56.8,-43.699999999999996,56.8,43.699999999999996
SVAMP,Gemma-7B,Qwen2.5-7B,37.8,93.6,31.1,64.9,-55.8,-33.800000000000004,55.8,33.800000000000004
SVAMP,Gemma-7B,Qwen2.5-Math,37.8,90.8,31.1,74.5,-53.0,-43.4,53.0,43.4
SVAMP,Gemma-7B,Qwen3-4B,37.8,79.5,31.1,91.0,-41.7,-59.9,41.7,59.9
SVAMP,LLaMA-3.1-8B,Phi-4,85.2,92.3,80.0,75.5,-7.099999999999994,4.5,7.099999999999994,4.5
SVAMP,LLaMA-3.1-8B,Phi-4-Reas.,85.2,94.6,80.0,74.8,-9.399999999999991,5.200000000000003,9.399999999999991,5.200000000000003
SVAMP,LLaMA-3.1-8B,Qwen2.5-7B,85.2,93.6,80.0,64.9,-8.399999999999991,15.099999999999994,8.399999999999991,15.099999999999994
SVAMP,LLaMA-3.1-8B,Qwen2.5-Math,85.2,90.8,80.0,74.5,-5.599999999999994,5.5,5.599999999999994,5.5
SVAMP,LLaMA-3.1-8B,Qwen3-4B,85.2,79.5,80.0,91.0,5.700000000000003,-11.0,5.700000000000003,11.0
SVAMP,Phi-4,Phi-4-Reas.,92.3,94.6,75.5,74.8,-2.299999999999997,0.7000000000000028,2.299999999999997,0.7000000000000028
SVAMP,Phi-4,Qwen2.5-7B,92.3,93.6,75.5,64.9,-1.2999999999999972,10.599999999999994,1.2999999999999972,10.599999999999994
SVAMP,Phi-4,Qwen2.5-Math,92.3,90.8,75.5,74.5,1.5,1.0,1.5,1.0
SVAMP,Phi-4,Qwen3-4B,92.3,79.5,75.5,91.0,12.799999999999997,-15.5,12.799999999999997,15.5
SVAMP,Phi-4-Reas.,Qwen2.5-7B,94.6,93.6,74.8,64.9,1.0,9.899999999999991,1.0,9.899999999999991
SVAMP,Phi-4-Reas.,Qwen2.5-Math,94.6,90.8,74.8,74.5,3.799999999999997,0.29999999999999716,3.799999999999997,0.29999999999999716
SVAMP,Phi-4-Reas.,Qwen3-4B,94.6,79.5,74.8,91.0,15.099999999999994,-16.200000000000003,15.099999999999994,16.200000000000003
SVAMP,Qwen2.5-7B,Qwen2.5-Math,93.6,90.8,64.9,74.5,2.799999999999997,-9.599999999999994,2.799999999999997,9.599999999999994
SVAMP,Qwen2.5-7B,Qwen3-4B,93.6,79.5,64.9,91.0,14.099999999999994,-26.099999999999994,14.099999999999994,26.099999999999994
SVAMP,Qwen2.5-Math,Qwen3-4B,90.8,79.5,74.5,91.0,11.299999999999997,-16.5,11.299999999999997,16.5
