n_lines_jsonl,n_distinct_questions,n_eligible_questions_ge_min_traces,n_shortfall_questions,min_traces_per_question,n_requested,n_sampled_questions,n_tie_breaks_at_top_conf,n_top_equals_random_draws,n_worklist_rows,model,dataset,benchmark,jsonl_path
254,254,254,0,2,50,50,0,0,100,DS-R1-1.5B,AQuA,AQuA,/Users/manaspathak11/Desktop/Everything/research paper/threshold/source_pass16_jsonl_by_model/DeepSeek_R1_Distill_Qwen_1.5B/aqua__test_aqua_-1_seed42_t0.7_s0_e-1_0f6478bd-a92f-42f8-b38d-31be896ceb54/aqua__test_aqua_-1_seed42_t0.7_s0_e-1_0f6478bd-a92f-42f8-b38d-31be896ceb54.jsonl
1221,1221,1221,0,2,50,50,0,0,100,DS-R1-1.5B,CommonsenseQA,CSQA,/Users/manaspathak11/Desktop/Everything/research paper/threshold/source_pass16_jsonl_by_model/DeepSeek_R1_Distill_Qwen_1.5B/commonsense_qa__test_commonsense_qa_-1_seed42_t0.7_s0_e-1_477c6874-1ced-47d3-ad02-d7fafbfc7615_processed/commonsense_qa__test_commonsense_qa_-1_seed42_t0.7_s0_e-1_477c6874-1ced-47d3-ad02-d7fafbfc7615_processed.jsonl
448,448,448,0,2,50,50,0,0,100,DS-R1-1.5B,GPQA,GPQA,/Users/manaspathak11/Desktop/Everything/research paper/threshold/source_pass16_jsonl_by_model/DeepSeek_R1_Distill_Qwen_1.5B/gpqa__test_gpqa_-1_seed42_t0.7_s0_e-1_91a3fa77-4a27-4e3f-ad81-3b611817a67a_processed/gpqa__test_gpqa_-1_seed42_t0.7_s0_e-1_91a3fa77-4a27-4e3f-ad81-3b611817a67a_processed.jsonl
1319,1319,1319,0,2,50,50,0,0,100,DS-R1-1.5B,GSM8K,GSM8K,/Users/manaspathak11/Desktop/Everything/research paper/threshold/source_pass16_jsonl_by_model 3/DeepSeek_R1_Distill_Qwen_1.5B/gsm8k__test_gsm8k_-1_seed42_t0.7_s0_e-1_82e41558-dec2-49ce-bdf1-068a4ab112c3_processed/gsm8k__test_gsm8k_-1_seed42_t0.7_s0_e-1_82e41558-dec2-49ce-bdf1-068a4ab112c3_processed.jsonl
500,500,500,0,2,50,50,0,0,100,DS-R1-1.5B,MATH500,MATH500,/Users/manaspathak11/Desktop/Everything/research paper/threshold/source_pass16_jsonl_by_model/DeepSeek_R1_Distill_Qwen_1.5B/math500__test_math500_-1_seed42_t0.7_s0_e-1_4853343f-853e-4a60-a799-e844e17ff353_processed/math500__test_math500_-1_seed42_t0.7_s0_e-1_4853343f-853e-4a60-a799-e844e17ff353_processed.jsonl
1000,1000,1000,0,2,50,50,0,0,100,DS-R1-1.5B,SVAMP,SVAMP,/Users/manaspathak11/Desktop/Everything/research paper/threshold/source_pass16_jsonl_by_model/DeepSeek_R1_Distill_Qwen_1.5B/svamp__test_svamp_-1_seed42_t0.7_s0_e-1_0e525c90-6dad-4d11-a8f1-6c63c51fefbb_processed/svamp__test_svamp_-1_seed42_t0.7_s0_e-1_0e525c90-6dad-4d11-a8f1-6c63c51fefbb_processed.jsonl
254,254,254,0,2,50,50,0,0,100,DS-R1-7B,AQuA,AQuA,/Users/manaspathak11/Desktop/Everything/research paper/threshold/source_pass16_jsonl_by_model 2/DeepSeek_R1_Distill_Qwen_7B/aqua__test_aqua_-1_seed42_t0.7_s0_e-1_95820d79-d638-420d-a616-12db6599a9f2/aqua__test_aqua_-1_seed42_t0.7_s0_e-1_95820d79-d638-420d-a616-12db6599a9f2.jsonl
1221,1221,1221,0,2,50,50,0,0,100,DS-R1-7B,CommonsenseQA,CSQA,/Users/manaspathak11/Desktop/Everything/research paper/threshold/source_pass16_jsonl_by_model/DeepSeek_R1_Distill_Qwen_7B/commonsense_qa__test_commonsense_qa_-1_seed42_t0.7_s0_e-1_c6dc12f4-4ab5-4e8e-8ac8-94c2d5407ac8_processed/commonsense_qa__test_commonsense_qa_-1_seed42_t0.7_s0_e-1_c6dc12f4-4ab5-4e8e-8ac8-94c2d5407ac8_processed.jsonl
448,448,448,0,2,50,50,0,0,100,DS-R1-7B,GPQA,GPQA,/Users/manaspathak11/Desktop/Everything/research paper/threshold/source_pass16_jsonl_by_model 3/DeepSeek_R1_Distill_Qwen_7B/gpqa__test_gpqa_-1_seed42_t0.7_s0_e-1_2816a494-b8ce-40f4-bff8-bab69ac9a8b7_processed/gpqa__test_gpqa_-1_seed42_t0.7_s0_e-1_2816a494-b8ce-40f4-bff8-bab69ac9a8b7_processed.jsonl
1319,1319,1319,0,2,50,50,0,0,100,DS-R1-7B,GSM8K,GSM8K,/Users/manaspathak11/Desktop/Everything/research paper/threshold/source_pass16_jsonl_by_model/DeepSeek_R1_Distill_Qwen_7B/gsm8k__test_gsm8k_-1_seed42_t0.7_s0_e-1_9cf7625b-fa77-4f2f-81b4-2c8fa4419897_processed/gsm8k__test_gsm8k_-1_seed42_t0.7_s0_e-1_9cf7625b-fa77-4f2f-81b4-2c8fa4419897_processed.jsonl
500,500,500,0,2,50,50,0,0,100,DS-R1-7B,MATH500,MATH500,/Users/manaspathak11/Desktop/Everything/research paper/threshold/source_pass16_jsonl_by_model 3/DeepSeek_R1_Distill_Qwen_7B/math500__test_custom_custom_-1_seed42_t0.7_s0_e-1/math500__test_custom_custom_-1_seed42_t0.7_s0_e-1.jsonl
1000,1000,1000,0,2,50,50,0,0,100,DS-R1-7B,SVAMP,SVAMP,/Users/manaspathak11/Desktop/Everything/research paper/threshold/source_pass16_jsonl_by_model 3/DeepSeek_R1_Distill_Qwen_7B/svamp__test_svamp_-1_seed42_t0.7_s0_e-1_6ed5b75a-8fc3-4275-bd40-cd1c17a47eba_processed/svamp__test_svamp_-1_seed42_t0.7_s0_e-1_6ed5b75a-8fc3-4275-bd40-cd1c17a47eba_processed.jsonl
254,254,254,0,2,50,50,0,0,100,Gemma-7B,AQuA,AQuA,/Users/manaspathak11/Desktop/Everything/research paper/threshold/source_pass16_jsonl_by_model 3/gemma_7b/aqua__test_aqua_-1_seed42_t0.7_s0_e-1_bd56842f-fc4d-452d-9a35-3cf0a3ddfaf9/aqua__test_aqua_-1_seed42_t0.7_s0_e-1_bd56842f-fc4d-452d-9a35-3cf0a3ddfaf9.jsonl
1221,1221,1221,0,2,50,50,0,0,100,Gemma-7B,CommonsenseQA,CSQA,/Users/manaspathak11/Desktop/Everything/research paper/threshold/source_pass16_jsonl_by_model/gemma_7b/commonsense_qa__test_commonsense_qa_-1_seed42_t0.7_s0_e-1_9f780cde-c3a4-4b02-8fc0-562f7bb37bec_processed/commonsense_qa__test_commonsense_qa_-1_seed42_t0.7_s0_e-1_9f780cde-c3a4-4b02-8fc0-562f7bb37bec_processed.jsonl
448,448,448,0,2,50,50,18,0,100,Gemma-7B,GPQA,GPQA,/Users/manaspathak11/Desktop/Everything/research paper/threshold/source_pass16_jsonl_by_model 3/gemma_7b/gpqa__test_gpqa_-1_seed42_t0.7_s0_e-1_6209e00b-f801-4245-a20d-6b37d8addc6a_processed/gpqa__test_gpqa_-1_seed42_t0.7_s0_e-1_6209e00b-f801-4245-a20d-6b37d8addc6a_processed.jsonl
1319,1319,1319,0,2,50,50,0,0,100,Gemma-7B,GSM8K,GSM8K,/Users/manaspathak11/Desktop/Everything/research paper/threshold/source_pass16_jsonl_by_model/gemma_7b/gsm8k__test_gsm8k_-1_seed42_t0.7_s0_e-1_7e377118-9bc4-4b39-91f3-80a9f16f7d17_processed/gsm8k__test_gsm8k_-1_seed42_t0.7_s0_e-1_7e377118-9bc4-4b39-91f3-80a9f16f7d17_processed.jsonl
500,500,500,0,2,50,50,0,0,100,Gemma-7B,MATH500,MATH500,/Users/manaspathak11/Desktop/Everything/research paper/threshold/source_pass16_jsonl_by_model/gemma_7b/math500__test_math500_-1_seed42_t0.7_s0_e-1_bd430c2c-e789-45b4-84c5-8a328c0a23ed_processed/math500__test_math500_-1_seed42_t0.7_s0_e-1_bd430c2c-e789-45b4-84c5-8a328c0a23ed_processed.jsonl
1000,1000,1000,0,2,50,50,0,0,100,Gemma-7B,SVAMP,SVAMP,/Users/manaspathak11/Desktop/Everything/research paper/threshold/source_pass16_jsonl_by_model/gemma_7b/svamp__test_svamp_-1_seed42_t0.7_s0_e-1_5bde6301-7dbe-4b50-acc1-4e917f1e1b87_processed/svamp__test_svamp_-1_seed42_t0.7_s0_e-1_5bde6301-7dbe-4b50-acc1-4e917f1e1b87_processed.jsonl
254,254,254,0,2,50,50,0,0,100,LLaMA-3.1-8B,AQuA,AQuA,/Users/manaspathak11/Desktop/Everything/research paper/threshold/source_pass16_jsonl_by_model 3/Llama_3.1_8B_Instruct/aqua__test_aqua_-1_seed42_t0.7_s0_e-1_8874434d-5e4f-4f6e-9ead-8800e058ffc9/aqua__test_aqua_-1_seed42_t0.7_s0_e-1_8874434d-5e4f-4f6e-9ead-8800e058ffc9.jsonl
1221,1221,1221,0,2,50,50,0,0,100,LLaMA-3.1-8B,CommonsenseQA,CSQA,/Users/manaspathak11/Desktop/Everything/research paper/threshold/source_pass16_jsonl_by_model 3/Llama_3.1_8B_Instruct/commonsense_qa__test_commonsense_qa_-1_seed42_t0.7_s0_e-1_4a6d4a5d-a682-47ab-9f4d-5e23bbfb767c_processed/commonsense_qa__test_commonsense_qa_-1_seed42_t0.7_s0_e-1_4a6d4a5d-a682-47ab-9f4d-5e23bbfb767c_processed.jsonl
448,448,448,0,2,50,50,0,0,100,LLaMA-3.1-8B,GPQA,GPQA,/Users/manaspathak11/Desktop/Everything/research paper/threshold/source_pass16_jsonl_by_model 3/Llama_3.1_8B_Instruct/gpqa__test_gpqa_-1_seed42_t0.7_s0_e-1_f0740bfe-4ab3-483f-8968-0dda699f86a5_processed/gpqa__test_gpqa_-1_seed42_t0.7_s0_e-1_f0740bfe-4ab3-483f-8968-0dda699f86a5_processed.jsonl
1319,1319,1319,0,2,50,50,0,0,100,LLaMA-3.1-8B,GSM8K,GSM8K,/Users/manaspathak11/Desktop/Everything/research paper/threshold/source_pass16_jsonl_by_model 3/Llama_3.1_8B_Instruct/gsm8k__test_gsm8k_-1_seed42_t0.7_s0_e-1_7dd52404-3d70-4ca0-9ac8-e2d862b86a32_processed/gsm8k__test_gsm8k_-1_seed42_t0.7_s0_e-1_7dd52404-3d70-4ca0-9ac8-e2d862b86a32_processed.jsonl
500,500,500,0,2,50,50,0,0,100,LLaMA-3.1-8B,MATH500,MATH500,/Users/manaspathak11/Desktop/Everything/research paper/threshold/source_pass16_jsonl_by_model 3/Llama_3.1_8B_Instruct/math500__test_math500_-1_seed42_t0.7_s0_e-1_bc04473f-7046-4520-9fdf-6f7d75bea95c_processed/math500__test_math500_-1_seed42_t0.7_s0_e-1_bc04473f-7046-4520-9fdf-6f7d75bea95c_processed.jsonl
1000,1000,1000,0,2,50,50,0,0,100,LLaMA-3.1-8B,SVAMP,SVAMP,/Users/manaspathak11/Desktop/Everything/research paper/threshold/source_pass16_jsonl_by_model/Llama_3.1_8B_Instruct/svamp__test_svamp_-1_seed42_t0.7_s0_e-1_391c908a-0d8a-481d-a180-18c378302070_processed/svamp__test_svamp_-1_seed42_t0.7_s0_e-1_391c908a-0d8a-481d-a180-18c378302070_processed.jsonl
254,254,254,0,2,50,50,0,0,100,Phi-4,AQuA,AQuA,/Users/manaspathak11/Desktop/Everything/research paper/threshold/source_pass16_jsonl_by_model 2/phi_4/aqua__test_aqua_-1_seed42_t0.7_s0_e-1_756b5145-0654-462e-aa33-768a98301a8f/aqua__test_aqua_-1_seed42_t0.7_s0_e-1_756b5145-0654-462e-aa33-768a98301a8f.jsonl
1221,1221,1221,0,2,50,50,3,0,100,Phi-4,CommonsenseQA,CSQA,/Users/manaspathak11/Desktop/Everything/research paper/threshold/source_pass16_jsonl_by_model 2/phi_4/commonsense_qa__test_commonsense_qa_-1_seed42_t0.7_s0_e-1_a90b3a6b-e2b2-4095-8b70-1d2e9277dd9f_processed/commonsense_qa__test_commonsense_qa_-1_seed42_t0.7_s0_e-1_a90b3a6b-e2b2-4095-8b70-1d2e9277dd9f_processed.jsonl
448,448,448,0,2,50,50,10,0,100,Phi-4,GPQA,GPQA,/Users/manaspathak11/Desktop/Everything/research paper/threshold/source_pass16_jsonl_by_model 2/phi_4/gpqa__test_gpqa_-1_seed42_t0.7_s0_e-1_5bc15176-5547-480c-9564-745432b49c77_processed/gpqa__test_gpqa_-1_seed42_t0.7_s0_e-1_5bc15176-5547-480c-9564-745432b49c77_processed.jsonl
1319,1319,1319,0,2,50,50,0,0,100,Phi-4,GSM8K,GSM8K,/Users/manaspathak11/Desktop/Everything/research paper/threshold/source_pass16_jsonl_by_model 2/phi_4/gsm8k__test_gsm8k_-1_seed42_t0.7_s0_e-1_d88e9681-c896-4be9-9048-1b1ad641133f/gsm8k__test_gsm8k_-1_seed42_t0.7_s0_e-1_d88e9681-c896-4be9-9048-1b1ad641133f.jsonl
500,500,500,0,2,50,50,0,0,100,Phi-4,MATH500,MATH500,/Users/manaspathak11/Desktop/Everything/research paper/threshold/source_pass16_jsonl_by_model 2/phi_4/math500__test_math500_-1_seed42_t0.7_s0_e-1_f926bfb2-8236-4810-8b45-d26b70420256_processed/math500__test_math500_-1_seed42_t0.7_s0_e-1_f926bfb2-8236-4810-8b45-d26b70420256_processed.jsonl
1000,1000,1000,0,2,50,50,0,0,100,Phi-4,SVAMP,SVAMP,/Users/manaspathak11/Desktop/Everything/research paper/threshold/source_pass16_jsonl_by_model 2/phi_4/svamp__test_svamp_-1_seed42_t0.7_s0_e-1_5e3c0aba-f95c-4169-b2be-93598c09d125_processed/svamp__test_svamp_-1_seed42_t0.7_s0_e-1_5e3c0aba-f95c-4169-b2be-93598c09d125_processed.jsonl
254,254,254,0,2,50,50,0,0,100,Phi-4-Reas.,AQuA,AQuA,/Users/manaspathak11/Desktop/Everything/research paper/threshold/source_pass16_jsonl_by_model 2/Phi_4_reasoning/aqua__test_aqua_-1_seed42_t0.7_s0_e-1_dc396ca6-dfc4-414b-bd14-f3238f0fa5fa/aqua__test_aqua_-1_seed42_t0.7_s0_e-1_dc396ca6-dfc4-414b-bd14-f3238f0fa5fa.jsonl
1221,1221,1221,0,2,50,50,0,0,100,Phi-4-Reas.,CommonsenseQA,CSQA,/Users/manaspathak11/Desktop/Everything/research paper/threshold/source_pass16_jsonl_by_model/Phi_4_reasoning/commonsense_qa__test_commonsense_qa_-1_seed42_t0.7_s0_e-1_8ff20c7d-8036-43e0-8cb4-7527d5dbfe3e_processed/commonsense_qa__test_commonsense_qa_-1_seed42_t0.7_s0_e-1_8ff20c7d-8036-43e0-8cb4-7527d5dbfe3e_processed.jsonl
448,448,448,0,2,50,50,0,0,100,Phi-4-Reas.,GPQA,GPQA,/Users/manaspathak11/Desktop/Everything/research paper/threshold/source_pass16_jsonl_by_model/Phi_4_reasoning/gpqa__test_gpqa_-1_seed42_t0.7_s0_e-1_6162977f-1de8-4882-aaa9-00e145e15972_processed/gpqa__test_gpqa_-1_seed42_t0.7_s0_e-1_6162977f-1de8-4882-aaa9-00e145e15972_processed.jsonl
1319,1319,1319,0,2,50,50,0,0,100,Phi-4-Reas.,GSM8K,GSM8K,/Users/manaspathak11/Desktop/Everything/research paper/threshold/source_pass16_jsonl_by_model 3/Phi_4_reasoning/gsm8k__test_gsm8k_-1_seed42_t0.7_s0_e-1_21f83e35-c179-42f4-a76d-7d90d9098a27_processed/gsm8k__test_gsm8k_-1_seed42_t0.7_s0_e-1_21f83e35-c179-42f4-a76d-7d90d9098a27_processed.jsonl
500,500,500,0,2,50,50,0,0,100,Phi-4-Reas.,MATH500,MATH500,/Users/manaspathak11/Desktop/Everything/research paper/threshold/source_pass16_jsonl_by_model 3/Phi_4_reasoning/math500__test_math500_-1_seed42_t0.7_s0_e-1_1cdfdbe8-a4a2-435f-98aa-3c0e4b0bdbaa_processed/math500__test_math500_-1_seed42_t0.7_s0_e-1_1cdfdbe8-a4a2-435f-98aa-3c0e4b0bdbaa_processed.jsonl
1000,1000,1000,0,2,50,50,0,0,100,Phi-4-Reas.,SVAMP,SVAMP,/Users/manaspathak11/Desktop/Everything/research paper/threshold/source_pass16_jsonl_by_model 3/Phi_4_reasoning/svamp__test_svamp_-1_seed42_t0.7_s0_e-1_e8897f09-a48b-41da-b17e-80ab70f50b90_processed/svamp__test_svamp_-1_seed42_t0.7_s0_e-1_e8897f09-a48b-41da-b17e-80ab70f50b90_processed.jsonl
254,254,254,0,2,50,50,0,0,100,Qwen2.5-7B,AQuA,AQuA,/Users/manaspathak11/Desktop/Everything/research paper/threshold/source_pass16_jsonl_by_model 2/Qwen2.5_7B_Instruct/aqua__test_aqua_-1_seed42_t0.7_s0_e-1_99419048-ed0d-48bf-8841-7ced9d2a5bd9/aqua__test_aqua_-1_seed42_t0.7_s0_e-1_99419048-ed0d-48bf-8841-7ced9d2a5bd9.jsonl
1221,1221,1221,0,2,50,50,0,0,100,Qwen2.5-7B,CommonsenseQA,CSQA,/Users/manaspathak11/Desktop/Everything/research paper/threshold/source_pass16_jsonl_by_model 3/Qwen2.5_7B_Instruct/commonsense_qa__test_commonsense_qa_-1_seed42_t0.7_s0_e-1_55f65fad-5adf-4101-8d34-558d45cc1ee7_processed/commonsense_qa__test_commonsense_qa_-1_seed42_t0.7_s0_e-1_55f65fad-5adf-4101-8d34-558d45cc1ee7_processed.jsonl
448,448,448,0,2,50,50,0,0,100,Qwen2.5-7B,GPQA,GPQA,/Users/manaspathak11/Desktop/Everything/research paper/threshold/source_pass16_jsonl_by_model 3/Qwen2.5_7B_Instruct/gpqa__test_gpqa_-1_seed42_t0.7_s0_e-1_6edb027b-33f3-4829-953d-d5d172771f99_processed/gpqa__test_gpqa_-1_seed42_t0.7_s0_e-1_6edb027b-33f3-4829-953d-d5d172771f99_processed.jsonl
1319,1319,1319,0,2,50,50,0,0,100,Qwen2.5-7B,GSM8K,GSM8K,/Users/manaspathak11/Desktop/Everything/research paper/threshold/source_pass16_jsonl_by_model/Qwen2.5_7B_Instruct/gsm8k__test_gsm8k_-1_seed42_t0.7_s0_e-1_3e29bacf-70a3-4d2b-9320-4b7a5c8f25ac_processed/gsm8k__test_gsm8k_-1_seed42_t0.7_s0_e-1_3e29bacf-70a3-4d2b-9320-4b7a5c8f25ac_processed.jsonl
500,500,500,0,2,50,50,0,0,100,Qwen2.5-7B,MATH500,MATH500,/Users/manaspathak11/Desktop/Everything/research paper/threshold/source_pass16_jsonl_by_model 3/Qwen2.5_7B_Instruct/math500__test_math500_-1_seed42_t0.7_s0_e-1_912d17ef-947c-4554-a9fb-d2e2de688295_processed/math500__test_math500_-1_seed42_t0.7_s0_e-1_912d17ef-947c-4554-a9fb-d2e2de688295_processed.jsonl
1000,1000,1000,0,2,50,50,0,0,100,Qwen2.5-7B,SVAMP,SVAMP,/Users/manaspathak11/Desktop/Everything/research paper/threshold/source_pass16_jsonl_by_model/Qwen2.5_7B_Instruct/svamp__test_svamp_-1_seed42_t0.7_s0_e-1_9e43cdce-7f05-4b23-b911-5a4da43d5941_processed/svamp__test_svamp_-1_seed42_t0.7_s0_e-1_9e43cdce-7f05-4b23-b911-5a4da43d5941_processed.jsonl
254,254,254,0,2,50,50,0,0,100,Qwen2.5-Math,AQuA,AQuA,/Users/manaspathak11/Desktop/Everything/research paper/threshold/source_pass16_jsonl_by_model 3/Qwen2.5_Math_7B/aqua__test_aqua_-1_seed42_t0.7_s0_e-1_006cc445-ea42-4bd9-bffa-608c58883403/aqua__test_aqua_-1_seed42_t0.7_s0_e-1_006cc445-ea42-4bd9-bffa-608c58883403.jsonl
1221,1221,1221,0,2,50,50,0,0,100,Qwen2.5-Math,CommonsenseQA,CSQA,/Users/manaspathak11/Desktop/Everything/research paper/threshold/source_pass16_jsonl_by_model 3/Qwen2.5_Math_7B/commonsense_qa__test_commonsense_qa_-1_seed42_t0.7_s0_e-1_2d85d3bd-1a27-4783-8b2e-85e02dd2bfce_processed/commonsense_qa__test_commonsense_qa_-1_seed42_t0.7_s0_e-1_2d85d3bd-1a27-4783-8b2e-85e02dd2bfce_processed.jsonl
448,448,448,0,2,50,50,0,0,100,Qwen2.5-Math,GPQA,GPQA,/Users/manaspathak11/Desktop/Everything/research paper/threshold/source_pass16_jsonl_by_model 3/Qwen2.5_Math_7B/gpqa__test_gpqa_-1_seed42_t0.7_s0_e-1_f468c946-01e4-4069-bcf8-912b58e77bc2_processed/gpqa__test_gpqa_-1_seed42_t0.7_s0_e-1_f468c946-01e4-4069-bcf8-912b58e77bc2_processed.jsonl
1319,1319,1319,0,2,50,50,0,0,100,Qwen2.5-Math,GSM8K,GSM8K,/Users/manaspathak11/Desktop/Everything/research paper/threshold/source_pass16_jsonl_by_model/Qwen2.5_Math_7B/gsm8k__test_gsm8k_-1_seed42_t0.7_s0_e-1_528e5291-b1f0-44c3-aebf-ab32978f6a62_processed/gsm8k__test_gsm8k_-1_seed42_t0.7_s0_e-1_528e5291-b1f0-44c3-aebf-ab32978f6a62_processed.jsonl
500,500,500,0,2,50,50,0,0,100,Qwen2.5-Math,MATH500,MATH500,/Users/manaspathak11/Desktop/Everything/research paper/threshold/source_pass16_jsonl_by_model 3/Qwen2.5_Math_7B/math500__test_custom_custom_-1_seed42_t0.7_s0_e-1/math500__test_custom_custom_-1_seed42_t0.7_s0_e-1.jsonl
1000,1000,1000,0,2,50,50,0,0,100,Qwen2.5-Math,SVAMP,SVAMP,/Users/manaspathak11/Desktop/Everything/research paper/threshold/source_pass16_jsonl_by_model 3/Qwen2.5_Math_7B/svamp__test_svamp_-1_seed42_t0.7_s0_e-1_e973610b-dc1a-4a7c-9737-cd64dad3639c_processed/svamp__test_svamp_-1_seed42_t0.7_s0_e-1_e973610b-dc1a-4a7c-9737-cd64dad3639c_processed.jsonl
254,254,254,0,2,50,50,0,0,100,Qwen3-4B,AQuA,AQuA,/Users/manaspathak11/Desktop/Everything/research paper/threshold/source_pass16_jsonl_by_model 2/Qwen3_4B_Thinking_2507/aqua__test_aqua_-1_seed42_t0.7_s0_e-1_07706ba0-2dc8-4c97-bc29-1a5dc653833f/aqua__test_aqua_-1_seed42_t0.7_s0_e-1_07706ba0-2dc8-4c97-bc29-1a5dc653833f.jsonl
1221,1221,1221,0,2,50,50,0,0,100,Qwen3-4B,CommonsenseQA,CSQA,/Users/manaspathak11/Desktop/Everything/research paper/threshold/source_pass16_jsonl_by_model 2/Qwen3_4B_Thinking_2507/commonsense_qa__test_commonsense_qa_-1_seed42_t0.7_s0_e-1_be300247-2862-42c9-a305-36a1052ca7bf/commonsense_qa__test_commonsense_qa_-1_seed42_t0.7_s0_e-1_be300247-2862-42c9-a305-36a1052ca7bf.jsonl
448,448,448,0,2,50,50,0,0,100,Qwen3-4B,GPQA,GPQA,/Users/manaspathak11/Desktop/Everything/research paper/threshold/source_pass16_jsonl_by_model/Qwen3_4B_Thinking_2507/gpqa__test_gpqa_-1_seed42_t0.7_s0_e-1_7439075c-3a41-426f-9626-f83d8eded888_processed/gpqa__test_gpqa_-1_seed42_t0.7_s0_e-1_7439075c-3a41-426f-9626-f83d8eded888_processed.jsonl
1319,1319,1319,0,2,50,50,0,0,100,Qwen3-4B,GSM8K,GSM8K,/Users/manaspathak11/Desktop/Everything/research paper/threshold/source_pass16_jsonl_by_model 2/Qwen3_4B_Thinking_2507/gsm8k__test_gsm8k_-1_seed42_t0.7_s0_e-1_9f297c4b-51a9-4b62-a387-aed44015c1c5_processed/gsm8k__test_gsm8k_-1_seed42_t0.7_s0_e-1_9f297c4b-51a9-4b62-a387-aed44015c1c5_processed.jsonl
500,500,500,0,2,50,50,0,0,100,Qwen3-4B,MATH500,MATH500,/Users/manaspathak11/Desktop/Everything/research paper/threshold/source_pass16_jsonl_by_model 3/Qwen3_4B_Thinking_2507/math500__test_math500_-1_seed42_t0.7_s0_e-1_98bb5118-8bf5-465f-aa8e-cfc6664c32d1_processed/math500__test_math500_-1_seed42_t0.7_s0_e-1_98bb5118-8bf5-465f-aa8e-cfc6664c32d1_processed.jsonl
1000,1000,1000,0,2,50,50,0,0,100,Qwen3-4B,SVAMP,SVAMP,/Users/manaspathak11/Desktop/Everything/research paper/threshold/source_pass16_jsonl_by_model/Qwen3_4B_Thinking_2507/svamp__test_svamp_-1_seed42_t0.7_s0_e-1_dfc02f7d-afce-4f33-9a2e-e6939267b7bc_processed/svamp__test_svamp_-1_seed42_t0.7_s0_e-1_dfc02f7d-afce-4f33-9a2e-e6939267b7bc_processed.jsonl
