model,benchmark,benchmark_frs,ece,n_traces,mean_confidence,accuracy,n_skipped_nan,jsonl_path,frs_pct,pass1_pct,base_reasoning,snr
DS-R1-1.5B,AQuA,AQuA,0.2632434842283764,4064,0.16617503624093158,0.42913385826771655,0,/Users/manaspathak11/Desktop/Everything/research paper/threshold/source_pass16_jsonl_by_model/DeepSeek_R1_Distill_Qwen_1.5B/aqua__test_aqua_-1_seed42_t0.7_s0_e-1_0f6478bd-a92f-42f8-b38d-31be896ceb54/aqua__test_aqua_-1_seed42_t0.7_s0_e-1_0f6478bd-a92f-42f8-b38d-31be896ceb54.jsonl,90.1,11.0,52.31,-1.234517
DS-R1-1.5B,CommonsenseQA,CSQA,0.32593616209935955,19536,0.0881799569961749,0.4074017199017199,0,/Users/manaspathak11/Desktop/Everything/research paper/threshold/source_pass16_jsonl_by_model/DeepSeek_R1_Distill_Qwen_1.5B/commonsense_qa__test_commonsense_qa_-1_seed42_t0.7_s0_e-1_477c6874-1ced-47d3-ad02-d7fafbfc7615_processed/commonsense_qa__test_commonsense_qa_-1_seed42_t0.7_s0_e-1_477c6874-1ced-47d3-ad02-d7fafbfc7615_processed.jsonl,56.1,39.6,52.65,-1.23333
DS-R1-1.5B,GPQA,GPQA,0.17966856969445616,7168,0.18553004657718994,0.35184151785714285,0,/Users/manaspathak11/Desktop/Everything/research paper/threshold/source_pass16_jsonl_by_model/DeepSeek_R1_Distill_Qwen_1.5B/gpqa__test_gpqa_-1_seed42_t0.7_s0_e-1_91a3fa77-4a27-4e3f-ad81-3b611817a67a_processed/gpqa__test_gpqa_-1_seed42_t0.7_s0_e-1_91a3fa77-4a27-4e3f-ad81-3b611817a67a_processed.jsonl,56.6,37.9,53.29,-3.651697
DS-R1-1.5B,GSM8K,GSM8K,0.5425963577678962,21104,0.19092197340208655,0.733273313115997,0,/Users/manaspathak11/Desktop/Everything/research paper/threshold/source_pass16_jsonl_by_model 3/DeepSeek_R1_Distill_Qwen_1.5B/gsm8k__test_gsm8k_-1_seed42_t0.7_s0_e-1_82e41558-dec2-49ce-bdf1-068a4ab112c3_processed/gsm8k__test_gsm8k_-1_seed42_t0.7_s0_e-1_82e41558-dec2-49ce-bdf1-068a4ab112c3_processed.jsonl,95.1,60.1,66.79,-1.699841
DS-R1-1.5B,MATH500,MATH500,0.34976074191876066,8000,0.19069630647362273,0.539,0,/Users/manaspathak11/Desktop/Everything/research paper/threshold/source_pass16_jsonl_by_model/DeepSeek_R1_Distill_Qwen_1.5B/math500__test_math500_-1_seed42_t0.7_s0_e-1_4853343f-853e-4a60-a799-e844e17ff353_processed/math500__test_math500_-1_seed42_t0.7_s0_e-1_4853343f-853e-4a60-a799-e844e17ff353_processed.jsonl,84.5,43.2,61.72,0.584968
DS-R1-1.5B,SVAMP,SVAMP,0.6373658064284328,16000,0.17891164439523746,0.8159375,0,/Users/manaspathak11/Desktop/Everything/research paper/threshold/source_pass16_jsonl_by_model/DeepSeek_R1_Distill_Qwen_1.5B/svamp__test_svamp_-1_seed42_t0.7_s0_e-1_0e525c90-6dad-4d11-a8f1-6c63c51fefbb_processed/svamp__test_svamp_-1_seed42_t0.7_s0_e-1_0e525c90-6dad-4d11-a8f1-6c63c51fefbb_processed.jsonl,96.9,65.8,59.74,-1.896066
DS-R1-7B,AQuA,AQuA,0.49043218699697205,4064,0.22142804922350043,0.7118602362204725,0,/Users/manaspathak11/Desktop/Everything/research paper/threshold/source_pass16_jsonl_by_model 2/DeepSeek_R1_Distill_Qwen_7B/aqua__test_aqua_-1_seed42_t0.7_s0_e-1_95820d79-d638-420d-a616-12db6599a9f2/aqua__test_aqua_-1_seed42_t0.7_s0_e-1_95820d79-d638-420d-a616-12db6599a9f2.jsonl,96.8,69.3,78.37,2.147622
DS-R1-7B,CommonsenseQA,CSQA,0.36529665755920854,19536,0.12861243361485356,0.49385749385749383,0,/Users/manaspathak11/Desktop/Everything/research paper/threshold/source_pass16_jsonl_by_model/DeepSeek_R1_Distill_Qwen_7B/commonsense_qa__test_commonsense_qa_-1_seed42_t0.7_s0_e-1_c6dc12f4-4ab5-4e8e-8ac8-94c2d5407ac8_processed/commonsense_qa__test_commonsense_qa_-1_seed42_t0.7_s0_e-1_c6dc12f4-4ab5-4e8e-8ac8-94c2d5407ac8_processed.jsonl,79.2,47.3,66.78,-0.12443
DS-R1-7B,GPQA,GPQA,0.3156445869887276,7168,0.19174938622555812,0.5073939732142857,0,/Users/manaspathak11/Desktop/Everything/research paper/threshold/source_pass16_jsonl_by_model 3/DeepSeek_R1_Distill_Qwen_7B/gpqa__test_gpqa_-1_seed42_t0.7_s0_e-1_2816a494-b8ce-40f4-bff8-bab69ac9a8b7_processed/gpqa__test_gpqa_-1_seed42_t0.7_s0_e-1_2816a494-b8ce-40f4-bff8-bab69ac9a8b7_processed.jsonl,62.9,46.2,65.47,0.755437
DS-R1-7B,GSM8K,GSM8K,0.6084898974599741,21104,0.2942773504551131,0.9027672479150872,0,/Users/manaspathak11/Desktop/Everything/research paper/threshold/source_pass16_jsonl_by_model/DeepSeek_R1_Distill_Qwen_7B/gsm8k__test_gsm8k_-1_seed42_t0.7_s0_e-1_9cf7625b-fa77-4f2f-81b4-2c8fa4419897_processed/gsm8k__test_gsm8k_-1_seed42_t0.7_s0_e-1_9cf7625b-fa77-4f2f-81b4-2c8fa4419897_processed.jsonl,98.9,91.5,88.8,3.799395
DS-R1-7B,MATH500,MATH500,0.33597346766732084,8000,0.2687579180823238,0.604125,0,/Users/manaspathak11/Desktop/Everything/research paper/threshold/source_pass16_jsonl_by_model 3/DeepSeek_R1_Distill_Qwen_7B/math500__test_custom_custom_-1_seed42_t0.7_s0_e-1/math500__test_custom_custom_-1_seed42_t0.7_s0_e-1.jsonl,94.0,63.6,75.88,3.688
DS-R1-7B,SVAMP,SVAMP,0.6639031317899082,16000,0.2552375681267373,0.9190625,0,/Users/manaspathak11/Desktop/Everything/research paper/threshold/source_pass16_jsonl_by_model 3/DeepSeek_R1_Distill_Qwen_7B/svamp__test_svamp_-1_seed42_t0.7_s0_e-1_6ed5b75a-8fc3-4275-bd40-cd1c17a47eba_processed/svamp__test_svamp_-1_seed42_t0.7_s0_e-1_6ed5b75a-8fc3-4275-bd40-cd1c17a47eba_processed.jsonl,99.0,91.1,85.63,-0.785886
Gemma-7B,AQuA,AQuA,0.22247762077524136,4064,0.14934756957619383,0.27878937007874016,0,/Users/manaspathak11/Desktop/Everything/research paper/threshold/source_pass16_jsonl_by_model 3/gemma_7b/aqua__test_aqua_-1_seed42_t0.7_s0_e-1_bd56842f-fc4d-452d-9a35-3cf0a3ddfaf9/aqua__test_aqua_-1_seed42_t0.7_s0_e-1_bd56842f-fc4d-452d-9a35-3cf0a3ddfaf9.jsonl,22.2,3.5,41.87,-4.016469
Gemma-7B,CommonsenseQA,CSQA,0.2528336459189619,19536,0.2804301234191919,0.18335380835380835,0,/Users/manaspathak11/Desktop/Everything/research paper/threshold/source_pass16_jsonl_by_model/gemma_7b/commonsense_qa__test_commonsense_qa_-1_seed42_t0.7_s0_e-1_9f780cde-c3a4-4b02-8fc0-562f7bb37bec_processed/commonsense_qa__test_commonsense_qa_-1_seed42_t0.7_s0_e-1_9f780cde-c3a4-4b02-8fc0-562f7bb37bec_processed.jsonl,13.4,27.3,30.78,-0.173487
Gemma-7B,GPQA,GPQA,0.2059883887611308,7168,0.09394538397603781,0.20675223214285715,0,/Users/manaspathak11/Desktop/Everything/research paper/threshold/source_pass16_jsonl_by_model 3/gemma_7b/gpqa__test_gpqa_-1_seed42_t0.7_s0_e-1_6209e00b-f801-4245-a20d-6b37d8addc6a_processed/gpqa__test_gpqa_-1_seed42_t0.7_s0_e-1_6209e00b-f801-4245-a20d-6b37d8addc6a_processed.jsonl,30.9,24.8,55.11,-0.134219
Gemma-7B,GSM8K,GSM8K,0.244639937483478,21104,0.13037921682325812,0.3264310083396513,0,/Users/manaspathak11/Desktop/Everything/research paper/threshold/source_pass16_jsonl_by_model/gemma_7b/gsm8k__test_gsm8k_-1_seed42_t0.7_s0_e-1_7e377118-9bc4-4b39-91f3-80a9f16f7d17_processed/gsm8k__test_gsm8k_-1_seed42_t0.7_s0_e-1_7e377118-9bc4-4b39-91f3-80a9f16f7d17_processed.jsonl,41.2,36.9,53.39,-4.838499
Gemma-7B,MATH500,MATH500,0.13049328829992432,8000,0.18883395584087298,0.133375,0,/Users/manaspathak11/Desktop/Everything/research paper/threshold/source_pass16_jsonl_by_model/gemma_7b/math500__test_math500_-1_seed42_t0.7_s0_e-1_bd430c2c-e789-45b4-84c5-8a328c0a23ed_processed/math500__test_math500_-1_seed42_t0.7_s0_e-1_bd430c2c-e789-45b4-84c5-8a328c0a23ed_processed.jsonl,18.9,18.2,41.45,-1.601544
Gemma-7B,SVAMP,SVAMP,0.35030173621997807,16000,0.12085207611668201,0.409375,0,/Users/manaspathak11/Desktop/Everything/research paper/threshold/source_pass16_jsonl_by_model/gemma_7b/svamp__test_svamp_-1_seed42_t0.7_s0_e-1_5bde6301-7dbe-4b50-acc1-4e917f1e1b87_processed/svamp__test_svamp_-1_seed42_t0.7_s0_e-1_5bde6301-7dbe-4b50-acc1-4e917f1e1b87_processed.jsonl,31.1,37.8,52.26,-3.458654
LLaMA-3.1-8B,AQuA,AQuA,0.2266661756238737,4064,0.3065099591889161,0.4434055118110236,0,/Users/manaspathak11/Desktop/Everything/research paper/threshold/source_pass16_jsonl_by_model 3/Llama_3.1_8B_Instruct/aqua__test_aqua_-1_seed42_t0.7_s0_e-1_8874434d-5e4f-4f6e-9ead-8800e058ffc9/aqua__test_aqua_-1_seed42_t0.7_s0_e-1_8874434d-5e4f-4f6e-9ead-8800e058ffc9.jsonl,52.9,48.8,58.12,0.572747
LLaMA-3.1-8B,CommonsenseQA,CSQA,0.2711896164966997,19536,0.39032707037579756,0.6501842751842751,0,/Users/manaspathak11/Desktop/Everything/research paper/threshold/source_pass16_jsonl_by_model 3/Llama_3.1_8B_Instruct/commonsense_qa__test_commonsense_qa_-1_seed42_t0.7_s0_e-1_4a6d4a5d-a682-47ab-9f4d-5e23bbfb767c_processed/commonsense_qa__test_commonsense_qa_-1_seed42_t0.7_s0_e-1_4a6d4a5d-a682-47ab-9f4d-5e23bbfb767c_processed.jsonl,55.0,66.3,65.08,0.221359
LLaMA-3.1-8B,GPQA,GPQA,0.14535826283870737,7168,0.23311986311670835,0.3549107142857143,0,/Users/manaspathak11/Desktop/Everything/research paper/threshold/source_pass16_jsonl_by_model 3/Llama_3.1_8B_Instruct/gpqa__test_gpqa_-1_seed42_t0.7_s0_e-1_f0740bfe-4ab3-483f-8968-0dda699f86a5_processed/gpqa__test_gpqa_-1_seed42_t0.7_s0_e-1_f0740bfe-4ab3-483f-8968-0dda699f86a5_processed.jsonl,50.5,38.4,61.24,1.248826
LLaMA-3.1-8B,GSM8K,GSM8K,0.4513902343752448,21104,0.30192730412700486,0.753316906747536,0,/Users/manaspathak11/Desktop/Everything/research paper/threshold/source_pass16_jsonl_by_model 3/Llama_3.1_8B_Instruct/gsm8k__test_gsm8k_-1_seed42_t0.7_s0_e-1_7dd52404-3d70-4ca0-9ac8-e2d862b86a32_processed/gsm8k__test_gsm8k_-1_seed42_t0.7_s0_e-1_7dd52404-3d70-4ca0-9ac8-e2d862b86a32_processed.jsonl,79.9,81.3,78.01,0.552588
LLaMA-3.1-8B,MATH500,MATH500,0.15839420705719226,8000,0.30436810758021954,0.349,0,/Users/manaspathak11/Desktop/Everything/research paper/threshold/source_pass16_jsonl_by_model 3/Llama_3.1_8B_Instruct/math500__test_math500_-1_seed42_t0.7_s0_e-1_bc04473f-7046-4520-9fdf-6f7d75bea95c_processed/math500__test_math500_-1_seed42_t0.7_s0_e-1_bc04473f-7046-4520-9fdf-6f7d75bea95c_processed.jsonl,60.6,35.6,53.66,0.689456
LLaMA-3.1-8B,SVAMP,SVAMP,0.5346424469600003,16000,0.2736075530399996,0.80825,0,/Users/manaspathak11/Desktop/Everything/research paper/threshold/source_pass16_jsonl_by_model/Llama_3.1_8B_Instruct/svamp__test_svamp_-1_seed42_t0.7_s0_e-1_391c908a-0d8a-481d-a180-18c378302070_processed/svamp__test_svamp_-1_seed42_t0.7_s0_e-1_391c908a-0d8a-481d-a180-18c378302070_processed.jsonl,80.0,85.2,77.39,0.567369
Phi-4,AQuA,AQuA,0.29879258896879457,4064,0.24414479688658636,0.5396161417322834,0,/Users/manaspathak11/Desktop/Everything/research paper/threshold/source_pass16_jsonl_by_model 2/phi_4/aqua__test_aqua_-1_seed42_t0.7_s0_e-1_756b5145-0654-462e-aa33-768a98301a8f/aqua__test_aqua_-1_seed42_t0.7_s0_e-1_756b5145-0654-462e-aa33-768a98301a8f.jsonl,78.5,77.6,78.12,-3.709158
Phi-4,CommonsenseQA,CSQA,0.3315105693244258,19536,0.16330758530431613,0.494522932022932,0,/Users/manaspathak11/Desktop/Everything/research paper/threshold/source_pass16_jsonl_by_model 2/phi_4/commonsense_qa__test_commonsense_qa_-1_seed42_t0.7_s0_e-1_a90b3a6b-e2b2-4095-8b70-1d2e9277dd9f_processed/commonsense_qa__test_commonsense_qa_-1_seed42_t0.7_s0_e-1_a90b3a6b-e2b2-4095-8b70-1d2e9277dd9f_processed.jsonl,77.2,21.5,50.59,1.28948
Phi-4,GPQA,GPQA,0.18266706968811863,7168,0.23080063717840552,0.26088169642857145,0,/Users/manaspathak11/Desktop/Everything/research paper/threshold/source_pass16_jsonl_by_model 2/phi_4/gpqa__test_gpqa_-1_seed42_t0.7_s0_e-1_5bc15176-5547-480c-9564-745432b49c77_processed/gpqa__test_gpqa_-1_seed42_t0.7_s0_e-1_5bc15176-5547-480c-9564-745432b49c77_processed.jsonl,48.4,29.7,51.54,-0.051
Phi-4,GSM8K,GSM8K,0.4229670766039921,21104,0.23202723727015503,0.6549943138741471,0,/Users/manaspathak11/Desktop/Everything/research paper/threshold/source_pass16_jsonl_by_model 2/phi_4/gsm8k__test_gsm8k_-1_seed42_t0.7_s0_e-1_d88e9681-c896-4be9-9048-1b1ad641133f/gsm8k__test_gsm8k_-1_seed42_t0.7_s0_e-1_d88e9681-c896-4be9-9048-1b1ad641133f.jsonl,91.5,93.0,81.82,-0.787213
Phi-4,MATH500,MATH500,0.2273298089167994,8000,0.3425384841273644,0.553,0,/Users/manaspathak11/Desktop/Everything/research paper/threshold/source_pass16_jsonl_by_model 2/phi_4/math500__test_math500_-1_seed42_t0.7_s0_e-1_f926bfb2-8236-4810-8b45-d26b70420256_processed/math500__test_math500_-1_seed42_t0.7_s0_e-1_f926bfb2-8236-4810-8b45-d26b70420256_processed.jsonl,74.4,60.8,73.08,-4.464555
Phi-4,SVAMP,SVAMP,0.3501942825802755,16000,0.23423835515438102,0.5704375,0,/Users/manaspathak11/Desktop/Everything/research paper/threshold/source_pass16_jsonl_by_model 2/phi_4/svamp__test_svamp_-1_seed42_t0.7_s0_e-1_5e3c0aba-f95c-4169-b2be-93598c09d125_processed/svamp__test_svamp_-1_seed42_t0.7_s0_e-1_5e3c0aba-f95c-4169-b2be-93598c09d125_processed.jsonl,75.5,92.3,79.71,-2.423601
Phi-4-Reas.,AQuA,AQuA,0.4157713734773361,4064,0.16862823282187642,0.5843996062992126,0,/Users/manaspathak11/Desktop/Everything/research paper/threshold/source_pass16_jsonl_by_model 2/Phi_4_reasoning/aqua__test_aqua_-1_seed42_t0.7_s0_e-1_dc396ca6-dfc4-414b-bd14-f3238f0fa5fa/aqua__test_aqua_-1_seed42_t0.7_s0_e-1_dc396ca6-dfc4-414b-bd14-f3238f0fa5fa.jsonl,83.2,68.1,81.12,-0.037384
Phi-4-Reas.,CommonsenseQA,CSQA,0.6493702785789068,19536,0.11971411524892413,0.7417076167076168,0,/Users/manaspathak11/Desktop/Everything/research paper/threshold/source_pass16_jsonl_by_model/Phi_4_reasoning/commonsense_qa__test_commonsense_qa_-1_seed42_t0.7_s0_e-1_8ff20c7d-8036-43e0-8cb4-7527d5dbfe3e_processed/commonsense_qa__test_commonsense_qa_-1_seed42_t0.7_s0_e-1_8ff20c7d-8036-43e0-8cb4-7527d5dbfe3e_processed.jsonl,33.4,36.9,38.7,2.145474
Phi-4-Reas.,GPQA,GPQA,0.37198382914316636,7168,0.11725477309687182,0.4730747767857143,0,/Users/manaspathak11/Desktop/Everything/research paper/threshold/source_pass16_jsonl_by_model/Phi_4_reasoning/gpqa__test_gpqa_-1_seed42_t0.7_s0_e-1_6162977f-1de8-4882-aaa9-00e145e15972_processed/gpqa__test_gpqa_-1_seed42_t0.7_s0_e-1_6162977f-1de8-4882-aaa9-00e145e15972_processed.jsonl,62.3,44.0,50.97,0.858754
Phi-4-Reas.,GSM8K,GSM8K,0.7666241461775009,21104,0.1820397590288375,0.9486353297952995,0,/Users/manaspathak11/Desktop/Everything/research paper/threshold/source_pass16_jsonl_by_model 3/Phi_4_reasoning/gsm8k__test_gsm8k_-1_seed42_t0.7_s0_e-1_21f83e35-c179-42f4-a76d-7d90d9098a27_processed/gsm8k__test_gsm8k_-1_seed42_t0.7_s0_e-1_21f83e35-c179-42f4-a76d-7d90d9098a27_processed.jsonl,84.5,95.4,90.79,0.740415
Phi-4-Reas.,MATH500,MATH500,0.6424342776727824,8000,0.20633063056664677,0.847125,0,/Users/manaspathak11/Desktop/Everything/research paper/threshold/source_pass16_jsonl_by_model 3/Phi_4_reasoning/math500__test_math500_-1_seed42_t0.7_s0_e-1_1cdfdbe8-a4a2-435f-98aa-3c0e4b0bdbaa_processed/math500__test_math500_-1_seed42_t0.7_s0_e-1_1cdfdbe8-a4a2-435f-98aa-3c0e4b0bdbaa_processed.jsonl,80.0,74.6,78.43,-0.036428
Phi-4-Reas.,SVAMP,SVAMP,0.7807270216809167,16000,0.16177297831908327,0.9425,0,/Users/manaspathak11/Desktop/Everything/research paper/threshold/source_pass16_jsonl_by_model 3/Phi_4_reasoning/svamp__test_svamp_-1_seed42_t0.7_s0_e-1_e8897f09-a48b-41da-b17e-80ab70f50b90_processed/svamp__test_svamp_-1_seed42_t0.7_s0_e-1_e8897f09-a48b-41da-b17e-80ab70f50b90_processed.jsonl,74.8,94.6,87.18,-0.037384
Qwen2.5-7B,AQuA,AQuA,0.1839825386848642,4064,0.5916515575256821,0.625738188976378,0,/Users/manaspathak11/Desktop/Everything/research paper/threshold/source_pass16_jsonl_by_model 2/Qwen2.5_7B_Instruct/aqua__test_aqua_-1_seed42_t0.7_s0_e-1_99419048-ed0d-48bf-8841-7ced9d2a5bd9/aqua__test_aqua_-1_seed42_t0.7_s0_e-1_99419048-ed0d-48bf-8841-7ced9d2a5bd9.jsonl,77.2,78.3,77.85,1.563688
Qwen2.5-7B,CommonsenseQA,CSQA,0.6265092458999456,19536,0.18455750266680293,0.8110667485667485,0,/Users/manaspathak11/Desktop/Everything/research paper/threshold/source_pass16_jsonl_by_model 3/Qwen2.5_7B_Instruct/commonsense_qa__test_commonsense_qa_-1_seed42_t0.7_s0_e-1_55f65fad-5adf-4101-8d34-558d45cc1ee7_processed/commonsense_qa__test_commonsense_qa_-1_seed42_t0.7_s0_e-1_55f65fad-5adf-4101-8d34-558d45cc1ee7_processed.jsonl,70.1,81.8,67.53,0.326144
Qwen2.5-7B,GPQA,GPQA,0.0953606847478288,7168,0.35387752641534315,0.337890625,0,/Users/manaspathak11/Desktop/Everything/research paper/threshold/source_pass16_jsonl_by_model 3/Qwen2.5_7B_Instruct/gpqa__test_gpqa_-1_seed42_t0.7_s0_e-1_6edb027b-33f3-4829-953d-d5d172771f99_processed/gpqa__test_gpqa_-1_seed42_t0.7_s0_e-1_6edb027b-33f3-4829-953d-d5d172771f99_processed.jsonl,55.1,35.9,58.92,1.121449
Qwen2.5-7B,GSM8K,GSM8K,0.3984177358771078,21104,0.5310149516745287,0.7754927975739196,0,/Users/manaspathak11/Desktop/Everything/research paper/threshold/source_pass16_jsonl_by_model/Qwen2.5_7B_Instruct/gsm8k__test_gsm8k_-1_seed42_t0.7_s0_e-1_3e29bacf-70a3-4d2b-9320-4b7a5c8f25ac_processed/gsm8k__test_gsm8k_-1_seed42_t0.7_s0_e-1_3e29bacf-70a3-4d2b-9320-4b7a5c8f25ac_processed.jsonl,65.6,90.9,82.98,0.72455
Qwen2.5-7B,MATH500,MATH500,0.2761789214059023,8000,0.6274529671810762,0.513125,0,/Users/manaspathak11/Desktop/Everything/research paper/threshold/source_pass16_jsonl_by_model 3/Qwen2.5_7B_Instruct/math500__test_math500_-1_seed42_t0.7_s0_e-1_912d17ef-947c-4554-a9fb-d2e2de688295_processed/math500__test_math500_-1_seed42_t0.7_s0_e-1_912d17ef-947c-4554-a9fb-d2e2de688295_processed.jsonl,75.6,60.6,71.43,1.046219
Qwen2.5-7B,SVAMP,SVAMP,0.4425977491475847,16000,0.49959301100118003,0.8038125,0,/Users/manaspathak11/Desktop/Everything/research paper/threshold/source_pass16_jsonl_by_model/Qwen2.5_7B_Instruct/svamp__test_svamp_-1_seed42_t0.7_s0_e-1_9e43cdce-7f05-4b23-b911-5a4da43d5941_processed/svamp__test_svamp_-1_seed42_t0.7_s0_e-1_9e43cdce-7f05-4b23-b911-5a4da43d5941_processed.jsonl,64.9,93.6,78.16,0.835712
Qwen2.5-Math,AQuA,AQuA,0.2521234741953374,4064,0.3155104337649715,0.5420767716535433,0,/Users/manaspathak11/Desktop/Everything/research paper/threshold/source_pass16_jsonl_by_model 3/Qwen2.5_Math_7B/aqua__test_aqua_-1_seed42_t0.7_s0_e-1_006cc445-ea42-4bd9-bffa-608c58883403/aqua__test_aqua_-1_seed42_t0.7_s0_e-1_006cc445-ea42-4bd9-bffa-608c58883403.jsonl,74.9,29.1,79.94,-1.469844
Qwen2.5-Math,CommonsenseQA,CSQA,0.3584998050426322,19536,0.11666582443906658,0.4727682227682228,0,/Users/manaspathak11/Desktop/Everything/research paper/threshold/source_pass16_jsonl_by_model 3/Qwen2.5_Math_7B/commonsense_qa__test_commonsense_qa_-1_seed42_t0.7_s0_e-1_2d85d3bd-1a27-4783-8b2e-85e02dd2bfce_processed/commonsense_qa__test_commonsense_qa_-1_seed42_t0.7_s0_e-1_2d85d3bd-1a27-4783-8b2e-85e02dd2bfce_processed.jsonl,70.6,45.9,63.24,-0.109159
Qwen2.5-Math,GPQA,GPQA,0.14809488835518517,7168,0.15646027567922927,0.29994419642857145,0,/Users/manaspathak11/Desktop/Everything/research paper/threshold/source_pass16_jsonl_by_model 3/Qwen2.5_Math_7B/gpqa__test_gpqa_-1_seed42_t0.7_s0_e-1_f468c946-01e4-4069-bcf8-912b58e77bc2_processed/gpqa__test_gpqa_-1_seed42_t0.7_s0_e-1_f468c946-01e4-4069-bcf8-912b58e77bc2_processed.jsonl,54.6,24.3,52.67,-3.792145
Qwen2.5-Math,GSM8K,GSM8K,0.3868176641285896,21104,0.33734664441376444,0.7116660348749052,0,/Users/manaspathak11/Desktop/Everything/research paper/threshold/source_pass16_jsonl_by_model/Qwen2.5_Math_7B/gsm8k__test_gsm8k_-1_seed42_t0.7_s0_e-1_528e5291-b1f0-44c3-aebf-ab32978f6a62_processed/gsm8k__test_gsm8k_-1_seed42_t0.7_s0_e-1_528e5291-b1f0-44c3-aebf-ab32978f6a62_processed.jsonl,90.8,84.55,87.47,0.281677
Qwen2.5-Math,MATH500,MATH500,0.20804506850816393,8000,0.41451129343028364,0.61075,0,/Users/manaspathak11/Desktop/Everything/research paper/threshold/source_pass16_jsonl_by_model 3/Qwen2.5_Math_7B/math500__test_custom_custom_-1_seed42_t0.7_s0_e-1/math500__test_custom_custom_-1_seed42_t0.7_s0_e-1.jsonl,77.5,63.6,80.53,-0.176052
Qwen2.5-Math,SVAMP,SVAMP,0.47927105587481483,16000,0.3103693042673754,0.757875,0,/Users/manaspathak11/Desktop/Everything/research paper/threshold/source_pass16_jsonl_by_model 3/Qwen2.5_Math_7B/svamp__test_svamp_-1_seed42_t0.7_s0_e-1_e973610b-dc1a-4a7c-9737-cd64dad3639c_processed/svamp__test_svamp_-1_seed42_t0.7_s0_e-1_e973610b-dc1a-4a7c-9737-cd64dad3639c_processed.jsonl,74.5,90.8,90.88,-0.763843
Qwen3-4B,AQuA,AQuA,0.21874887954298577,4064,0.27579199091639095,0.4940944881889764,0,/Users/manaspathak11/Desktop/Everything/research paper/threshold/source_pass16_jsonl_by_model 2/Qwen3_4B_Thinking_2507/aqua__test_aqua_-1_seed42_t0.7_s0_e-1_07706ba0-2dc8-4c97-bc29-1a5dc653833f/aqua__test_aqua_-1_seed42_t0.7_s0_e-1_07706ba0-2dc8-4c97-bc29-1a5dc653833f.jsonl,78.5,57.5,76.43,0.033516
Qwen3-4B,CommonsenseQA,CSQA,0.46468977495530805,19536,0.21549040522487212,0.6801801801801802,0,/Users/manaspathak11/Desktop/Everything/research paper/threshold/source_pass16_jsonl_by_model 2/Qwen3_4B_Thinking_2507/commonsense_qa__test_commonsense_qa_-1_seed42_t0.7_s0_e-1_be300247-2862-42c9-a305-36a1052ca7bf/commonsense_qa__test_commonsense_qa_-1_seed42_t0.7_s0_e-1_be300247-2862-42c9-a305-36a1052ca7bf.jsonl,75.0,69.5,64.27,4.307875
Qwen3-4B,GPQA,GPQA,0.35261859838056103,7168,0.230291937539421,0.5828683035714286,0,/Users/manaspathak11/Desktop/Everything/research paper/threshold/source_pass16_jsonl_by_model/Qwen3_4B_Thinking_2507/gpqa__test_gpqa_-1_seed42_t0.7_s0_e-1_7439075c-3a41-426f-9626-f83d8eded888_processed/gpqa__test_gpqa_-1_seed42_t0.7_s0_e-1_7439075c-3a41-426f-9626-f83d8eded888_processed.jsonl,58.8,60.5,55.86,-0.90558
Qwen3-4B,GSM8K,GSM8K,0.4775177138599257,21104,0.25934145495681543,0.7367797573919637,0,/Users/manaspathak11/Desktop/Everything/research paper/threshold/source_pass16_jsonl_by_model 2/Qwen3_4B_Thinking_2507/gsm8k__test_gsm8k_-1_seed42_t0.7_s0_e-1_9f297c4b-51a9-4b62-a387-aed44015c1c5_processed/gsm8k__test_gsm8k_-1_seed42_t0.7_s0_e-1_9f297c4b-51a9-4b62-a387-aed44015c1c5_processed.jsonl,90.9,72.2,78.87,3.91101
Qwen3-4B,MATH500,MATH500,0.15545234046666703,8000,0.353945101164684,0.446,0,/Users/manaspathak11/Desktop/Everything/research paper/threshold/source_pass16_jsonl_by_model 3/Qwen3_4B_Thinking_2507/math500__test_math500_-1_seed42_t0.7_s0_e-1_98bb5118-8bf5-465f-aa8e-cfc6664c32d1_processed/math500__test_math500_-1_seed42_t0.7_s0_e-1_98bb5118-8bf5-465f-aa8e-cfc6664c32d1_processed.jsonl,63.5,49.8,70.09,1.014402
Qwen3-4B,SVAMP,SVAMP,0.512297070368436,16000,0.25001542963156403,0.7623125,0,/Users/manaspathak11/Desktop/Everything/research paper/threshold/source_pass16_jsonl_by_model/Qwen3_4B_Thinking_2507/svamp__test_svamp_-1_seed42_t0.7_s0_e-1_dfc02f7d-afce-4f33-9a2e-e6939267b7bc_processed/svamp__test_svamp_-1_seed42_t0.7_s0_e-1_dfc02f7d-afce-4f33-9a2e-e6939267b7bc_processed.jsonl,91.0,79.5,75.94,4.144028
