model,dataset,n_total_traces,n_distinct_questions,n_sampled_questions,n_judged_traces,mean_reasoning_score,std_reasoning_score,stderr_reasoning_score,cache_hits,new_judge_calls,seed,jsonl_path,sampled_questions_path,sampled_traces_path,checkpoint_path
DS-R1-1.5B,AQuA,4064,254,100,100,0.615,0.2667554303026643,0.02667554303026643,100,0,42,/Users/manaspathak11/Desktop/Everything/research paper/threshold/source_pass16_jsonl_by_model/DeepSeek_R1_Distill_Qwen_1.5B/aqua__test_aqua_-1_seed42_t0.7_s0_e-1_0f6478bd-a92f-42f8-b38d-31be896ceb54/aqua__test_aqua_-1_seed42_t0.7_s0_e-1_0f6478bd-a92f-42f8-b38d-31be896ceb54.jsonl,analysis_outputs/unfiltered_reasoning/per_pair_samples/DS-R1-1_5B__AQuA_sampled_questions.json,analysis_outputs/unfiltered_reasoning/per_pair_samples/DS-R1-1_5B__AQuA_sampled_traces.jsonl,analysis_outputs/unfiltered_reasoning/judging_checkpoints/unfiltered_judged_DS-R1-1_5B__AQuA.json
DS-R1-1.5B,CommonsenseQA,19536,1221,100,100,0.5575,0.2482069538090984,0.024820695380909842,100,0,42,/Users/manaspathak11/Desktop/Everything/research paper/threshold/source_pass16_jsonl_by_model/DeepSeek_R1_Distill_Qwen_1.5B/commonsense_qa__test_commonsense_qa_-1_seed42_t0.7_s0_e-1_477c6874-1ced-47d3-ad02-d7fafbfc7615_processed/commonsense_qa__test_commonsense_qa_-1_seed42_t0.7_s0_e-1_477c6874-1ced-47d3-ad02-d7fafbfc7615_processed.jsonl,analysis_outputs/unfiltered_reasoning/per_pair_samples/DS-R1-1_5B__CommonsenseQA_sampled_questions.json,analysis_outputs/unfiltered_reasoning/per_pair_samples/DS-R1-1_5B__CommonsenseQA_sampled_traces.jsonl,analysis_outputs/unfiltered_reasoning/judging_checkpoints/unfiltered_judged_DS-R1-1_5B__CommonsenseQA.json
DS-R1-1.5B,GPQA,7168,448,100,100,0.5075,0.1707085649327946,0.01707085649327946,100,0,42,/Users/manaspathak11/Desktop/Everything/research paper/threshold/source_pass16_jsonl_by_model/DeepSeek_R1_Distill_Qwen_1.5B/gpqa__test_gpqa_-1_seed42_t0.7_s0_e-1_91a3fa77-4a27-4e3f-ad81-3b611817a67a_processed/gpqa__test_gpqa_-1_seed42_t0.7_s0_e-1_91a3fa77-4a27-4e3f-ad81-3b611817a67a_processed.jsonl,analysis_outputs/unfiltered_reasoning/per_pair_samples/DS-R1-1_5B__GPQA_sampled_questions.json,analysis_outputs/unfiltered_reasoning/per_pair_samples/DS-R1-1_5B__GPQA_sampled_traces.jsonl,analysis_outputs/unfiltered_reasoning/judging_checkpoints/unfiltered_judged_DS-R1-1_5B__GPQA.json
DS-R1-1.5B,GSM8K,21104,1319,100,100,0.723125,0.2683091874605817,0.02683091874605817,100,0,42,/Users/manaspathak11/Desktop/Everything/research paper/threshold/source_pass16_jsonl_by_model 3/DeepSeek_R1_Distill_Qwen_1.5B/gsm8k__test_gsm8k_-1_seed42_t0.7_s0_e-1_82e41558-dec2-49ce-bdf1-068a4ab112c3_processed/gsm8k__test_gsm8k_-1_seed42_t0.7_s0_e-1_82e41558-dec2-49ce-bdf1-068a4ab112c3_processed.jsonl,analysis_outputs/unfiltered_reasoning/per_pair_samples/DS-R1-1_5B__GSM8K_sampled_questions.json,analysis_outputs/unfiltered_reasoning/per_pair_samples/DS-R1-1_5B__GSM8K_sampled_traces.jsonl,analysis_outputs/unfiltered_reasoning/judging_checkpoints/unfiltered_judged_DS-R1-1_5B__GSM8K.json
DS-R1-1.5B,MATH500,8000,500,100,100,0.64375,0.2631485494752139,0.026314854947521386,100,0,42,/Users/manaspathak11/Desktop/Everything/research paper/threshold/source_pass16_jsonl_by_model/DeepSeek_R1_Distill_Qwen_1.5B/math500__test_math500_-1_seed42_t0.7_s0_e-1_4853343f-853e-4a60-a799-e844e17ff353_processed/math500__test_math500_-1_seed42_t0.7_s0_e-1_4853343f-853e-4a60-a799-e844e17ff353_processed.jsonl,analysis_outputs/unfiltered_reasoning/per_pair_samples/DS-R1-1_5B__MATH500_sampled_questions.json,analysis_outputs/unfiltered_reasoning/per_pair_samples/DS-R1-1_5B__MATH500_sampled_traces.jsonl,analysis_outputs/unfiltered_reasoning/judging_checkpoints/unfiltered_judged_DS-R1-1_5B__MATH500.json
DS-R1-1.5B,SVAMP,16000,1000,100,100,0.739375,0.2536126288856749,0.025361262888567486,100,0,42,/Users/manaspathak11/Desktop/Everything/research paper/threshold/source_pass16_jsonl_by_model/DeepSeek_R1_Distill_Qwen_1.5B/svamp__test_svamp_-1_seed42_t0.7_s0_e-1_0e525c90-6dad-4d11-a8f1-6c63c51fefbb_processed/svamp__test_svamp_-1_seed42_t0.7_s0_e-1_0e525c90-6dad-4d11-a8f1-6c63c51fefbb_processed.jsonl,analysis_outputs/unfiltered_reasoning/per_pair_samples/DS-R1-1_5B__SVAMP_sampled_questions.json,analysis_outputs/unfiltered_reasoning/per_pair_samples/DS-R1-1_5B__SVAMP_sampled_traces.jsonl,analysis_outputs/unfiltered_reasoning/judging_checkpoints/unfiltered_judged_DS-R1-1_5B__SVAMP.json
DS-R1-7B,AQuA,4064,254,100,100,0.774375,0.2670769511836155,0.026707695118361553,100,0,42,/Users/manaspathak11/Desktop/Everything/research paper/threshold/source_pass16_jsonl_by_model 2/DeepSeek_R1_Distill_Qwen_7B/aqua__test_aqua_-1_seed42_t0.7_s0_e-1_95820d79-d638-420d-a616-12db6599a9f2/aqua__test_aqua_-1_seed42_t0.7_s0_e-1_95820d79-d638-420d-a616-12db6599a9f2.jsonl,analysis_outputs/unfiltered_reasoning/per_pair_samples/DS-R1-7B__AQuA_sampled_questions.json,analysis_outputs/unfiltered_reasoning/per_pair_samples/DS-R1-7B__AQuA_sampled_traces.jsonl,analysis_outputs/unfiltered_reasoning/judging_checkpoints/unfiltered_judged_DS-R1-7B__AQuA.json
DS-R1-7B,CommonsenseQA,19536,1221,100,100,0.6925,0.18774815228616418,0.018774815228616418,100,0,42,/Users/manaspathak11/Desktop/Everything/research paper/threshold/source_pass16_jsonl_by_model/DeepSeek_R1_Distill_Qwen_7B/commonsense_qa__test_commonsense_qa_-1_seed42_t0.7_s0_e-1_c6dc12f4-4ab5-4e8e-8ac8-94c2d5407ac8_processed/commonsense_qa__test_commonsense_qa_-1_seed42_t0.7_s0_e-1_c6dc12f4-4ab5-4e8e-8ac8-94c2d5407ac8_processed.jsonl,analysis_outputs/unfiltered_reasoning/per_pair_samples/DS-R1-7B__CommonsenseQA_sampled_questions.json,analysis_outputs/unfiltered_reasoning/per_pair_samples/DS-R1-7B__CommonsenseQA_sampled_traces.jsonl,analysis_outputs/unfiltered_reasoning/judging_checkpoints/unfiltered_judged_DS-R1-7B__CommonsenseQA.json
DS-R1-7B,GPQA,7168,448,100,100,0.584375,0.18039462039001206,0.018039462039001204,100,0,42,/Users/manaspathak11/Desktop/Everything/research paper/threshold/source_pass16_jsonl_by_model 3/DeepSeek_R1_Distill_Qwen_7B/gpqa__test_gpqa_-1_seed42_t0.7_s0_e-1_2816a494-b8ce-40f4-bff8-bab69ac9a8b7_processed/gpqa__test_gpqa_-1_seed42_t0.7_s0_e-1_2816a494-b8ce-40f4-bff8-bab69ac9a8b7_processed.jsonl,analysis_outputs/unfiltered_reasoning/per_pair_samples/DS-R1-7B__GPQA_sampled_questions.json,analysis_outputs/unfiltered_reasoning/per_pair_samples/DS-R1-7B__GPQA_sampled_traces.jsonl,analysis_outputs/unfiltered_reasoning/judging_checkpoints/unfiltered_judged_DS-R1-7B__GPQA.json
DS-R1-7B,GSM8K,21104,1319,100,100,0.93375,0.16543579577966955,0.016543579577966955,100,0,42,/Users/manaspathak11/Desktop/Everything/research paper/threshold/source_pass16_jsonl_by_model/DeepSeek_R1_Distill_Qwen_7B/gsm8k__test_gsm8k_-1_seed42_t0.7_s0_e-1_9cf7625b-fa77-4f2f-81b4-2c8fa4419897_processed/gsm8k__test_gsm8k_-1_seed42_t0.7_s0_e-1_9cf7625b-fa77-4f2f-81b4-2c8fa4419897_processed.jsonl,analysis_outputs/unfiltered_reasoning/per_pair_samples/DS-R1-7B__GSM8K_sampled_questions.json,analysis_outputs/unfiltered_reasoning/per_pair_samples/DS-R1-7B__GSM8K_sampled_traces.jsonl,analysis_outputs/unfiltered_reasoning/judging_checkpoints/unfiltered_judged_DS-R1-7B__GSM8K.json
DS-R1-7B,MATH500,8000,500,100,100,0.7475,0.26095323509987556,0.026095323509987556,100,0,42,/Users/manaspathak11/Desktop/Everything/research paper/threshold/source_pass16_jsonl_by_model 3/DeepSeek_R1_Distill_Qwen_7B/math500__test_custom_custom_-1_seed42_t0.7_s0_e-1/math500__test_custom_custom_-1_seed42_t0.7_s0_e-1.jsonl,analysis_outputs/unfiltered_reasoning/per_pair_samples/DS-R1-7B__MATH500_sampled_questions.json,analysis_outputs/unfiltered_reasoning/per_pair_samples/DS-R1-7B__MATH500_sampled_traces.jsonl,analysis_outputs/unfiltered_reasoning/judging_checkpoints/unfiltered_judged_DS-R1-7B__MATH500.json
DS-R1-7B,SVAMP,16000,1000,100,100,0.891875,0.21937680759852715,0.021937680759852717,100,0,42,/Users/manaspathak11/Desktop/Everything/research paper/threshold/source_pass16_jsonl_by_model 3/DeepSeek_R1_Distill_Qwen_7B/svamp__test_svamp_-1_seed42_t0.7_s0_e-1_6ed5b75a-8fc3-4275-bd40-cd1c17a47eba_processed/svamp__test_svamp_-1_seed42_t0.7_s0_e-1_6ed5b75a-8fc3-4275-bd40-cd1c17a47eba_processed.jsonl,analysis_outputs/unfiltered_reasoning/per_pair_samples/DS-R1-7B__SVAMP_sampled_questions.json,analysis_outputs/unfiltered_reasoning/per_pair_samples/DS-R1-7B__SVAMP_sampled_traces.jsonl,analysis_outputs/unfiltered_reasoning/judging_checkpoints/unfiltered_judged_DS-R1-7B__SVAMP.json
Gemma-7B,AQuA,4064,254,100,100,0.40625,0.2751692546177147,0.02751692546177147,100,0,42,/Users/manaspathak11/Desktop/Everything/research paper/threshold/source_pass16_jsonl_by_model 3/gemma_7b/aqua__test_aqua_-1_seed42_t0.7_s0_e-1_bd56842f-fc4d-452d-9a35-3cf0a3ddfaf9/aqua__test_aqua_-1_seed42_t0.7_s0_e-1_bd56842f-fc4d-452d-9a35-3cf0a3ddfaf9.jsonl,analysis_outputs/unfiltered_reasoning/per_pair_samples/Gemma-7B__AQuA_sampled_questions.json,analysis_outputs/unfiltered_reasoning/per_pair_samples/Gemma-7B__AQuA_sampled_traces.jsonl,analysis_outputs/unfiltered_reasoning/judging_checkpoints/unfiltered_judged_Gemma-7B__AQuA.json
Gemma-7B,CommonsenseQA,19536,1221,100,100,0.270625,0.20909991540221176,0.020909991540221176,100,0,42,/Users/manaspathak11/Desktop/Everything/research paper/threshold/source_pass16_jsonl_by_model/gemma_7b/commonsense_qa__test_commonsense_qa_-1_seed42_t0.7_s0_e-1_9f780cde-c3a4-4b02-8fc0-562f7bb37bec_processed/commonsense_qa__test_commonsense_qa_-1_seed42_t0.7_s0_e-1_9f780cde-c3a4-4b02-8fc0-562f7bb37bec_processed.jsonl,analysis_outputs/unfiltered_reasoning/per_pair_samples/Gemma-7B__CommonsenseQA_sampled_questions.json,analysis_outputs/unfiltered_reasoning/per_pair_samples/Gemma-7B__CommonsenseQA_sampled_traces.jsonl,analysis_outputs/unfiltered_reasoning/judging_checkpoints/unfiltered_judged_Gemma-7B__CommonsenseQA.json
Gemma-7B,GPQA,7168,448,100,100,0.390625,0.1859945879385318,0.01859945879385318,100,0,42,/Users/manaspathak11/Desktop/Everything/research paper/threshold/source_pass16_jsonl_by_model 3/gemma_7b/gpqa__test_gpqa_-1_seed42_t0.7_s0_e-1_6209e00b-f801-4245-a20d-6b37d8addc6a_processed/gpqa__test_gpqa_-1_seed42_t0.7_s0_e-1_6209e00b-f801-4245-a20d-6b37d8addc6a_processed.jsonl,analysis_outputs/unfiltered_reasoning/per_pair_samples/Gemma-7B__GPQA_sampled_questions.json,analysis_outputs/unfiltered_reasoning/per_pair_samples/Gemma-7B__GPQA_sampled_traces.jsonl,analysis_outputs/unfiltered_reasoning/judging_checkpoints/unfiltered_judged_Gemma-7B__GPQA.json
Gemma-7B,GSM8K,21104,1319,100,100,0.513125,0.3023340130208524,0.03023340130208524,100,0,42,/Users/manaspathak11/Desktop/Everything/research paper/threshold/source_pass16_jsonl_by_model/gemma_7b/gsm8k__test_gsm8k_-1_seed42_t0.7_s0_e-1_7e377118-9bc4-4b39-91f3-80a9f16f7d17_processed/gsm8k__test_gsm8k_-1_seed42_t0.7_s0_e-1_7e377118-9bc4-4b39-91f3-80a9f16f7d17_processed.jsonl,analysis_outputs/unfiltered_reasoning/per_pair_samples/Gemma-7B__GSM8K_sampled_questions.json,analysis_outputs/unfiltered_reasoning/per_pair_samples/Gemma-7B__GSM8K_sampled_traces.jsonl,analysis_outputs/unfiltered_reasoning/judging_checkpoints/unfiltered_judged_Gemma-7B__GSM8K.json
Gemma-7B,MATH500,8000,500,100,100,0.3625,0.2128302543618204,0.02128302543618204,100,0,42,/Users/manaspathak11/Desktop/Everything/research paper/threshold/source_pass16_jsonl_by_model/gemma_7b/math500__test_math500_-1_seed42_t0.7_s0_e-1_bd430c2c-e789-45b4-84c5-8a328c0a23ed_processed/math500__test_math500_-1_seed42_t0.7_s0_e-1_bd430c2c-e789-45b4-84c5-8a328c0a23ed_processed.jsonl,analysis_outputs/unfiltered_reasoning/per_pair_samples/Gemma-7B__MATH500_sampled_questions.json,analysis_outputs/unfiltered_reasoning/per_pair_samples/Gemma-7B__MATH500_sampled_traces.jsonl,analysis_outputs/unfiltered_reasoning/judging_checkpoints/unfiltered_judged_Gemma-7B__MATH500.json
Gemma-7B,SVAMP,16000,1000,100,100,0.56,0.3478060747838739,0.03478060747838739,100,0,42,/Users/manaspathak11/Desktop/Everything/research paper/threshold/source_pass16_jsonl_by_model/gemma_7b/svamp__test_svamp_-1_seed42_t0.7_s0_e-1_5bde6301-7dbe-4b50-acc1-4e917f1e1b87_processed/svamp__test_svamp_-1_seed42_t0.7_s0_e-1_5bde6301-7dbe-4b50-acc1-4e917f1e1b87_processed.jsonl,analysis_outputs/unfiltered_reasoning/per_pair_samples/Gemma-7B__SVAMP_sampled_questions.json,analysis_outputs/unfiltered_reasoning/per_pair_samples/Gemma-7B__SVAMP_sampled_traces.jsonl,analysis_outputs/unfiltered_reasoning/judging_checkpoints/unfiltered_judged_Gemma-7B__SVAMP.json
LLaMA-3.1-8B,AQuA,4064,254,100,100,0.531875,0.2709782537679943,0.027097825376799427,100,0,42,/Users/manaspathak11/Desktop/Everything/research paper/threshold/source_pass16_jsonl_by_model 3/Llama_3.1_8B_Instruct/aqua__test_aqua_-1_seed42_t0.7_s0_e-1_8874434d-5e4f-4f6e-9ead-8800e058ffc9/aqua__test_aqua_-1_seed42_t0.7_s0_e-1_8874434d-5e4f-4f6e-9ead-8800e058ffc9.jsonl,analysis_outputs/unfiltered_reasoning/per_pair_samples/LLaMA-3_1-8B__AQuA_sampled_questions.json,analysis_outputs/unfiltered_reasoning/per_pair_samples/LLaMA-3_1-8B__AQuA_sampled_traces.jsonl,analysis_outputs/unfiltered_reasoning/judging_checkpoints/unfiltered_judged_LLaMA-3_1-8B__AQuA.json
LLaMA-3.1-8B,CommonsenseQA,19536,1221,100,100,0.581875,0.20637240016655584,0.020637240016655584,100,0,42,/Users/manaspathak11/Desktop/Everything/research paper/threshold/source_pass16_jsonl_by_model 3/Llama_3.1_8B_Instruct/commonsense_qa__test_commonsense_qa_-1_seed42_t0.7_s0_e-1_4a6d4a5d-a682-47ab-9f4d-5e23bbfb767c_processed/commonsense_qa__test_commonsense_qa_-1_seed42_t0.7_s0_e-1_4a6d4a5d-a682-47ab-9f4d-5e23bbfb767c_processed.jsonl,analysis_outputs/unfiltered_reasoning/per_pair_samples/LLaMA-3_1-8B__CommonsenseQA_sampled_questions.json,analysis_outputs/unfiltered_reasoning/per_pair_samples/LLaMA-3_1-8B__CommonsenseQA_sampled_traces.jsonl,analysis_outputs/unfiltered_reasoning/judging_checkpoints/unfiltered_judged_LLaMA-3_1-8B__CommonsenseQA.json
LLaMA-3.1-8B,GPQA,7168,448,100,100,0.519375,0.16420891434543086,0.016420891434543086,100,0,42,/Users/manaspathak11/Desktop/Everything/research paper/threshold/source_pass16_jsonl_by_model 3/Llama_3.1_8B_Instruct/gpqa__test_gpqa_-1_seed42_t0.7_s0_e-1_f0740bfe-4ab3-483f-8968-0dda699f86a5_processed/gpqa__test_gpqa_-1_seed42_t0.7_s0_e-1_f0740bfe-4ab3-483f-8968-0dda699f86a5_processed.jsonl,analysis_outputs/unfiltered_reasoning/per_pair_samples/LLaMA-3_1-8B__GPQA_sampled_questions.json,analysis_outputs/unfiltered_reasoning/per_pair_samples/LLaMA-3_1-8B__GPQA_sampled_traces.jsonl,analysis_outputs/unfiltered_reasoning/judging_checkpoints/unfiltered_judged_LLaMA-3_1-8B__GPQA.json
LLaMA-3.1-8B,GSM8K,21104,1319,100,100,0.825,0.26247294232843404,0.026247294232843405,100,0,42,/Users/manaspathak11/Desktop/Everything/research paper/threshold/source_pass16_jsonl_by_model 3/Llama_3.1_8B_Instruct/gsm8k__test_gsm8k_-1_seed42_t0.7_s0_e-1_7dd52404-3d70-4ca0-9ac8-e2d862b86a32_processed/gsm8k__test_gsm8k_-1_seed42_t0.7_s0_e-1_7dd52404-3d70-4ca0-9ac8-e2d862b86a32_processed.jsonl,analysis_outputs/unfiltered_reasoning/per_pair_samples/LLaMA-3_1-8B__GSM8K_sampled_questions.json,analysis_outputs/unfiltered_reasoning/per_pair_samples/LLaMA-3_1-8B__GSM8K_sampled_traces.jsonl,analysis_outputs/unfiltered_reasoning/judging_checkpoints/unfiltered_judged_LLaMA-3_1-8B__GSM8K.json
LLaMA-3.1-8B,MATH500,8000,500,100,100,0.501875,0.2747322790031463,0.027473227900314628,100,0,42,/Users/manaspathak11/Desktop/Everything/research paper/threshold/source_pass16_jsonl_by_model 3/Llama_3.1_8B_Instruct/math500__test_math500_-1_seed42_t0.7_s0_e-1_bc04473f-7046-4520-9fdf-6f7d75bea95c_processed/math500__test_math500_-1_seed42_t0.7_s0_e-1_bc04473f-7046-4520-9fdf-6f7d75bea95c_processed.jsonl,analysis_outputs/unfiltered_reasoning/per_pair_samples/LLaMA-3_1-8B__MATH500_sampled_questions.json,analysis_outputs/unfiltered_reasoning/per_pair_samples/LLaMA-3_1-8B__MATH500_sampled_traces.jsonl,analysis_outputs/unfiltered_reasoning/judging_checkpoints/unfiltered_judged_LLaMA-3_1-8B__MATH500.json
LLaMA-3.1-8B,SVAMP,16000,1000,100,100,0.806875,0.2703368117606799,0.02703368117606799,100,0,42,/Users/manaspathak11/Desktop/Everything/research paper/threshold/source_pass16_jsonl_by_model/Llama_3.1_8B_Instruct/svamp__test_svamp_-1_seed42_t0.7_s0_e-1_391c908a-0d8a-481d-a180-18c378302070_processed/svamp__test_svamp_-1_seed42_t0.7_s0_e-1_391c908a-0d8a-481d-a180-18c378302070_processed.jsonl,analysis_outputs/unfiltered_reasoning/per_pair_samples/LLaMA-3_1-8B__SVAMP_sampled_questions.json,analysis_outputs/unfiltered_reasoning/per_pair_samples/LLaMA-3_1-8B__SVAMP_sampled_traces.jsonl,analysis_outputs/unfiltered_reasoning/judging_checkpoints/unfiltered_judged_LLaMA-3_1-8B__SVAMP.json
Phi-4,AQuA,4064,254,100,100,0.7925,0.25389640375236483,0.025389640375236482,100,0,42,/Users/manaspathak11/Desktop/Everything/research paper/threshold/source_pass16_jsonl_by_model 2/phi_4/aqua__test_aqua_-1_seed42_t0.7_s0_e-1_756b5145-0654-462e-aa33-768a98301a8f/aqua__test_aqua_-1_seed42_t0.7_s0_e-1_756b5145-0654-462e-aa33-768a98301a8f.jsonl,analysis_outputs/unfiltered_reasoning/per_pair_samples/Phi-4__AQuA_sampled_questions.json,analysis_outputs/unfiltered_reasoning/per_pair_samples/Phi-4__AQuA_sampled_traces.jsonl,analysis_outputs/unfiltered_reasoning/judging_checkpoints/unfiltered_judged_Phi-4__AQuA.json
Phi-4,CommonsenseQA,19536,1221,100,100,0.626875,0.3408775764053124,0.03408775764053124,100,0,42,/Users/manaspathak11/Desktop/Everything/research paper/threshold/source_pass16_jsonl_by_model 2/phi_4/commonsense_qa__test_commonsense_qa_-1_seed42_t0.7_s0_e-1_a90b3a6b-e2b2-4095-8b70-1d2e9277dd9f_processed/commonsense_qa__test_commonsense_qa_-1_seed42_t0.7_s0_e-1_a90b3a6b-e2b2-4095-8b70-1d2e9277dd9f_processed.jsonl,analysis_outputs/unfiltered_reasoning/per_pair_samples/Phi-4__CommonsenseQA_sampled_questions.json,analysis_outputs/unfiltered_reasoning/per_pair_samples/Phi-4__CommonsenseQA_sampled_traces.jsonl,analysis_outputs/unfiltered_reasoning/judging_checkpoints/unfiltered_judged_Phi-4__CommonsenseQA.json
Phi-4,GPQA,7168,448,100,100,0.526875,0.25129949509971905,0.025129949509971904,100,0,42,/Users/manaspathak11/Desktop/Everything/research paper/threshold/source_pass16_jsonl_by_model 2/phi_4/gpqa__test_gpqa_-1_seed42_t0.7_s0_e-1_5bc15176-5547-480c-9564-745432b49c77_processed/gpqa__test_gpqa_-1_seed42_t0.7_s0_e-1_5bc15176-5547-480c-9564-745432b49c77_processed.jsonl,analysis_outputs/unfiltered_reasoning/per_pair_samples/Phi-4__GPQA_sampled_questions.json,analysis_outputs/unfiltered_reasoning/per_pair_samples/Phi-4__GPQA_sampled_traces.jsonl,analysis_outputs/unfiltered_reasoning/judging_checkpoints/unfiltered_judged_Phi-4__GPQA.json
Phi-4,GSM8K,21104,1319,100,100,0.895,0.19520773705481195,0.019520773705481196,100,0,42,/Users/manaspathak11/Desktop/Everything/research paper/threshold/source_pass16_jsonl_by_model 2/phi_4/gsm8k__test_gsm8k_-1_seed42_t0.7_s0_e-1_d88e9681-c896-4be9-9048-1b1ad641133f/gsm8k__test_gsm8k_-1_seed42_t0.7_s0_e-1_d88e9681-c896-4be9-9048-1b1ad641133f.jsonl,analysis_outputs/unfiltered_reasoning/per_pair_samples/Phi-4__GSM8K_sampled_questions.json,analysis_outputs/unfiltered_reasoning/per_pair_samples/Phi-4__GSM8K_sampled_traces.jsonl,analysis_outputs/unfiltered_reasoning/judging_checkpoints/unfiltered_judged_Phi-4__GSM8K.json
Phi-4,MATH500,8000,500,100,100,0.8225,0.26998994556662786,0.026998994556662787,100,0,42,/Users/manaspathak11/Desktop/Everything/research paper/threshold/source_pass16_jsonl_by_model 2/phi_4/math500__test_math500_-1_seed42_t0.7_s0_e-1_f926bfb2-8236-4810-8b45-d26b70420256_processed/math500__test_math500_-1_seed42_t0.7_s0_e-1_f926bfb2-8236-4810-8b45-d26b70420256_processed.jsonl,analysis_outputs/unfiltered_reasoning/per_pair_samples/Phi-4__MATH500_sampled_questions.json,analysis_outputs/unfiltered_reasoning/per_pair_samples/Phi-4__MATH500_sampled_traces.jsonl,analysis_outputs/unfiltered_reasoning/judging_checkpoints/unfiltered_judged_Phi-4__MATH500.json
Phi-4,SVAMP,16000,1000,100,100,0.838125,0.24507378166502425,0.024507378166502426,100,0,42,/Users/manaspathak11/Desktop/Everything/research paper/threshold/source_pass16_jsonl_by_model 2/phi_4/svamp__test_svamp_-1_seed42_t0.7_s0_e-1_5e3c0aba-f95c-4169-b2be-93598c09d125_processed/svamp__test_svamp_-1_seed42_t0.7_s0_e-1_5e3c0aba-f95c-4169-b2be-93598c09d125_processed.jsonl,analysis_outputs/unfiltered_reasoning/per_pair_samples/Phi-4__SVAMP_sampled_questions.json,analysis_outputs/unfiltered_reasoning/per_pair_samples/Phi-4__SVAMP_sampled_traces.jsonl,analysis_outputs/unfiltered_reasoning/judging_checkpoints/unfiltered_judged_Phi-4__SVAMP.json
Phi-4-Reas.,AQuA,4064,254,100,100,0.794375,0.22531105743174282,0.02253110574317428,100,0,42,/Users/manaspathak11/Desktop/Everything/research paper/threshold/source_pass16_jsonl_by_model 2/Phi_4_reasoning/aqua__test_aqua_-1_seed42_t0.7_s0_e-1_dc396ca6-dfc4-414b-bd14-f3238f0fa5fa/aqua__test_aqua_-1_seed42_t0.7_s0_e-1_dc396ca6-dfc4-414b-bd14-f3238f0fa5fa.jsonl,analysis_outputs/unfiltered_reasoning/per_pair_samples/Phi-4-Reas___AQuA_sampled_questions.json,analysis_outputs/unfiltered_reasoning/per_pair_samples/Phi-4-Reas___AQuA_sampled_traces.jsonl,analysis_outputs/unfiltered_reasoning/judging_checkpoints/unfiltered_judged_Phi-4-Reas___AQuA.json
Phi-4-Reas.,CommonsenseQA,19536,1221,100,100,0.65625,0.2572343436941451,0.02572343436941451,100,0,42,/Users/manaspathak11/Desktop/Everything/research paper/threshold/source_pass16_jsonl_by_model/Phi_4_reasoning/commonsense_qa__test_commonsense_qa_-1_seed42_t0.7_s0_e-1_8ff20c7d-8036-43e0-8cb4-7527d5dbfe3e_processed/commonsense_qa__test_commonsense_qa_-1_seed42_t0.7_s0_e-1_8ff20c7d-8036-43e0-8cb4-7527d5dbfe3e_processed.jsonl,analysis_outputs/unfiltered_reasoning/per_pair_samples/Phi-4-Reas___CommonsenseQA_sampled_questions.json,analysis_outputs/unfiltered_reasoning/per_pair_samples/Phi-4-Reas___CommonsenseQA_sampled_traces.jsonl,analysis_outputs/unfiltered_reasoning/judging_checkpoints/unfiltered_judged_Phi-4-Reas___CommonsenseQA.json
Phi-4-Reas.,GPQA,7168,448,100,100,0.55625,0.2310528438835295,0.02310528438835295,100,0,42,/Users/manaspathak11/Desktop/Everything/research paper/threshold/source_pass16_jsonl_by_model/Phi_4_reasoning/gpqa__test_gpqa_-1_seed42_t0.7_s0_e-1_6162977f-1de8-4882-aaa9-00e145e15972_processed/gpqa__test_gpqa_-1_seed42_t0.7_s0_e-1_6162977f-1de8-4882-aaa9-00e145e15972_processed.jsonl,analysis_outputs/unfiltered_reasoning/per_pair_samples/Phi-4-Reas___GPQA_sampled_questions.json,analysis_outputs/unfiltered_reasoning/per_pair_samples/Phi-4-Reas___GPQA_sampled_traces.jsonl,analysis_outputs/unfiltered_reasoning/judging_checkpoints/unfiltered_judged_Phi-4-Reas___GPQA.json
Phi-4-Reas.,GSM8K,21104,1319,100,100,0.944375,0.14539843160825847,0.014539843160825846,100,0,42,/Users/manaspathak11/Desktop/Everything/research paper/threshold/source_pass16_jsonl_by_model 3/Phi_4_reasoning/gsm8k__test_gsm8k_-1_seed42_t0.7_s0_e-1_21f83e35-c179-42f4-a76d-7d90d9098a27_processed/gsm8k__test_gsm8k_-1_seed42_t0.7_s0_e-1_21f83e35-c179-42f4-a76d-7d90d9098a27_processed.jsonl,analysis_outputs/unfiltered_reasoning/per_pair_samples/Phi-4-Reas___GSM8K_sampled_questions.json,analysis_outputs/unfiltered_reasoning/per_pair_samples/Phi-4-Reas___GSM8K_sampled_traces.jsonl,analysis_outputs/unfiltered_reasoning/judging_checkpoints/unfiltered_judged_Phi-4-Reas___GSM8K.json
Phi-4-Reas.,MATH500,8000,500,100,100,0.811875,0.21732399560484933,0.021732399560484932,100,0,42,/Users/manaspathak11/Desktop/Everything/research paper/threshold/source_pass16_jsonl_by_model 3/Phi_4_reasoning/math500__test_math500_-1_seed42_t0.7_s0_e-1_1cdfdbe8-a4a2-435f-98aa-3c0e4b0bdbaa_processed/math500__test_math500_-1_seed42_t0.7_s0_e-1_1cdfdbe8-a4a2-435f-98aa-3c0e4b0bdbaa_processed.jsonl,analysis_outputs/unfiltered_reasoning/per_pair_samples/Phi-4-Reas___MATH500_sampled_questions.json,analysis_outputs/unfiltered_reasoning/per_pair_samples/Phi-4-Reas___MATH500_sampled_traces.jsonl,analysis_outputs/unfiltered_reasoning/judging_checkpoints/unfiltered_judged_Phi-4-Reas___MATH500.json
Phi-4-Reas.,SVAMP,16000,1000,100,100,0.880625,0.20297950305786094,0.020297950305786093,100,0,42,/Users/manaspathak11/Desktop/Everything/research paper/threshold/source_pass16_jsonl_by_model 3/Phi_4_reasoning/svamp__test_svamp_-1_seed42_t0.7_s0_e-1_e8897f09-a48b-41da-b17e-80ab70f50b90_processed/svamp__test_svamp_-1_seed42_t0.7_s0_e-1_e8897f09-a48b-41da-b17e-80ab70f50b90_processed.jsonl,analysis_outputs/unfiltered_reasoning/per_pair_samples/Phi-4-Reas___SVAMP_sampled_questions.json,analysis_outputs/unfiltered_reasoning/per_pair_samples/Phi-4-Reas___SVAMP_sampled_traces.jsonl,analysis_outputs/unfiltered_reasoning/judging_checkpoints/unfiltered_judged_Phi-4-Reas___SVAMP.json
Qwen2.5-7B,AQuA,4064,254,100,100,0.69625,0.25531286511045437,0.025531286511045435,100,0,42,/Users/manaspathak11/Desktop/Everything/research paper/threshold/source_pass16_jsonl_by_model 2/Qwen2.5_7B_Instruct/aqua__test_aqua_-1_seed42_t0.7_s0_e-1_99419048-ed0d-48bf-8841-7ced9d2a5bd9/aqua__test_aqua_-1_seed42_t0.7_s0_e-1_99419048-ed0d-48bf-8841-7ced9d2a5bd9.jsonl,analysis_outputs/unfiltered_reasoning/per_pair_samples/Qwen2_5-7B__AQuA_sampled_questions.json,analysis_outputs/unfiltered_reasoning/per_pair_samples/Qwen2_5-7B__AQuA_sampled_traces.jsonl,analysis_outputs/unfiltered_reasoning/judging_checkpoints/unfiltered_judged_Qwen2_5-7B__AQuA.json
Qwen2.5-7B,CommonsenseQA,19536,1221,100,100,0.88,0.16706392050755167,0.016706392050755168,100,0,42,/Users/manaspathak11/Desktop/Everything/research paper/threshold/source_pass16_jsonl_by_model 3/Qwen2.5_7B_Instruct/commonsense_qa__test_commonsense_qa_-1_seed42_t0.7_s0_e-1_55f65fad-5adf-4101-8d34-558d45cc1ee7_processed/commonsense_qa__test_commonsense_qa_-1_seed42_t0.7_s0_e-1_55f65fad-5adf-4101-8d34-558d45cc1ee7_processed.jsonl,analysis_outputs/unfiltered_reasoning/per_pair_samples/Qwen2_5-7B__CommonsenseQA_sampled_questions.json,analysis_outputs/unfiltered_reasoning/per_pair_samples/Qwen2_5-7B__CommonsenseQA_sampled_traces.jsonl,analysis_outputs/unfiltered_reasoning/judging_checkpoints/unfiltered_judged_Qwen2_5-7B__CommonsenseQA.json
Qwen2.5-7B,GPQA,7168,448,100,100,0.5725,0.1661260170333158,0.01661260170333158,50,50,42,/Users/manaspathak11/Desktop/Everything/research paper/threshold/source_pass16_jsonl_by_model 3/Qwen2.5_7B_Instruct/gpqa__test_gpqa_-1_seed42_t0.7_s0_e-1_6edb027b-33f3-4829-953d-d5d172771f99_processed/gpqa__test_gpqa_-1_seed42_t0.7_s0_e-1_6edb027b-33f3-4829-953d-d5d172771f99_processed.jsonl,analysis_outputs/unfiltered_reasoning/per_pair_samples/Qwen2_5-7B__GPQA_sampled_questions.json,analysis_outputs/unfiltered_reasoning/per_pair_samples/Qwen2_5-7B__GPQA_sampled_traces.jsonl,analysis_outputs/unfiltered_reasoning/judging_checkpoints/unfiltered_judged_Qwen2_5-7B__GPQA.json
Qwen2.5-7B,GSM8K,21104,1319,100,100,0.785625,0.24413172647924597,0.024413172647924596,0,100,42,/Users/manaspathak11/Desktop/Everything/research paper/threshold/source_pass16_jsonl_by_model/Qwen2.5_7B_Instruct/gsm8k__test_gsm8k_-1_seed42_t0.7_s0_e-1_3e29bacf-70a3-4d2b-9320-4b7a5c8f25ac_processed/gsm8k__test_gsm8k_-1_seed42_t0.7_s0_e-1_3e29bacf-70a3-4d2b-9320-4b7a5c8f25ac_processed.jsonl,analysis_outputs/unfiltered_reasoning/per_pair_samples/Qwen2_5-7B__GSM8K_sampled_questions.json,analysis_outputs/unfiltered_reasoning/per_pair_samples/Qwen2_5-7B__GSM8K_sampled_traces.jsonl,analysis_outputs/unfiltered_reasoning/judging_checkpoints/unfiltered_judged_Qwen2_5-7B__GSM8K.json
Qwen2.5-7B,MATH500,8000,500,100,100,0.68125,0.25007890169046065,0.025007890169046067,0,100,42,/Users/manaspathak11/Desktop/Everything/research paper/threshold/source_pass16_jsonl_by_model 3/Qwen2.5_7B_Instruct/math500__test_math500_-1_seed42_t0.7_s0_e-1_912d17ef-947c-4554-a9fb-d2e2de688295_processed/math500__test_math500_-1_seed42_t0.7_s0_e-1_912d17ef-947c-4554-a9fb-d2e2de688295_processed.jsonl,analysis_outputs/unfiltered_reasoning/per_pair_samples/Qwen2_5-7B__MATH500_sampled_questions.json,analysis_outputs/unfiltered_reasoning/per_pair_samples/Qwen2_5-7B__MATH500_sampled_traces.jsonl,analysis_outputs/unfiltered_reasoning/judging_checkpoints/unfiltered_judged_Qwen2_5-7B__MATH500.json
Qwen2.5-7B,SVAMP,16000,1000,100,100,0.77875,0.25382490684196723,0.025382490684196724,0,100,42,/Users/manaspathak11/Desktop/Everything/research paper/threshold/source_pass16_jsonl_by_model/Qwen2.5_7B_Instruct/svamp__test_svamp_-1_seed42_t0.7_s0_e-1_9e43cdce-7f05-4b23-b911-5a4da43d5941_processed/svamp__test_svamp_-1_seed42_t0.7_s0_e-1_9e43cdce-7f05-4b23-b911-5a4da43d5941_processed.jsonl,analysis_outputs/unfiltered_reasoning/per_pair_samples/Qwen2_5-7B__SVAMP_sampled_questions.json,analysis_outputs/unfiltered_reasoning/per_pair_samples/Qwen2_5-7B__SVAMP_sampled_traces.jsonl,analysis_outputs/unfiltered_reasoning/judging_checkpoints/unfiltered_judged_Qwen2_5-7B__SVAMP.json
Qwen2.5-Math,AQuA,4064,254,100,100,0.776875,0.2545753978825737,0.02545753978825737,0,100,42,/Users/manaspathak11/Desktop/Everything/research paper/threshold/source_pass16_jsonl_by_model 3/Qwen2.5_Math_7B/aqua__test_aqua_-1_seed42_t0.7_s0_e-1_006cc445-ea42-4bd9-bffa-608c58883403/aqua__test_aqua_-1_seed42_t0.7_s0_e-1_006cc445-ea42-4bd9-bffa-608c58883403.jsonl,analysis_outputs/unfiltered_reasoning/per_pair_samples/Qwen2_5-Math__AQuA_sampled_questions.json,analysis_outputs/unfiltered_reasoning/per_pair_samples/Qwen2_5-Math__AQuA_sampled_traces.jsonl,analysis_outputs/unfiltered_reasoning/judging_checkpoints/unfiltered_judged_Qwen2_5-Math__AQuA.json
Qwen2.5-Math,CommonsenseQA,19536,1221,100,100,0.655,0.2535231545618465,0.02535231545618465,0,100,42,/Users/manaspathak11/Desktop/Everything/research paper/threshold/source_pass16_jsonl_by_model 3/Qwen2.5_Math_7B/commonsense_qa__test_commonsense_qa_-1_seed42_t0.7_s0_e-1_2d85d3bd-1a27-4783-8b2e-85e02dd2bfce_processed/commonsense_qa__test_commonsense_qa_-1_seed42_t0.7_s0_e-1_2d85d3bd-1a27-4783-8b2e-85e02dd2bfce_processed.jsonl,analysis_outputs/unfiltered_reasoning/per_pair_samples/Qwen2_5-Math__CommonsenseQA_sampled_questions.json,analysis_outputs/unfiltered_reasoning/per_pair_samples/Qwen2_5-Math__CommonsenseQA_sampled_traces.jsonl,analysis_outputs/unfiltered_reasoning/judging_checkpoints/unfiltered_judged_Qwen2_5-Math__CommonsenseQA.json
Qwen2.5-Math,GPQA,7168,448,100,100,0.47875,0.16860145912833024,0.016860145912833024,0,100,42,/Users/manaspathak11/Desktop/Everything/research paper/threshold/source_pass16_jsonl_by_model 3/Qwen2.5_Math_7B/gpqa__test_gpqa_-1_seed42_t0.7_s0_e-1_f468c946-01e4-4069-bcf8-912b58e77bc2_processed/gpqa__test_gpqa_-1_seed42_t0.7_s0_e-1_f468c946-01e4-4069-bcf8-912b58e77bc2_processed.jsonl,analysis_outputs/unfiltered_reasoning/per_pair_samples/Qwen2_5-Math__GPQA_sampled_questions.json,analysis_outputs/unfiltered_reasoning/per_pair_samples/Qwen2_5-Math__GPQA_sampled_traces.jsonl,analysis_outputs/unfiltered_reasoning/judging_checkpoints/unfiltered_judged_Qwen2_5-Math__GPQA.json
Qwen2.5-Math,GSM8K,21104,1319,100,100,0.901875,0.19689328718979743,0.019689328718979743,0,100,42,/Users/manaspathak11/Desktop/Everything/research paper/threshold/source_pass16_jsonl_by_model/Qwen2.5_Math_7B/gsm8k__test_gsm8k_-1_seed42_t0.7_s0_e-1_528e5291-b1f0-44c3-aebf-ab32978f6a62_processed/gsm8k__test_gsm8k_-1_seed42_t0.7_s0_e-1_528e5291-b1f0-44c3-aebf-ab32978f6a62_processed.jsonl,analysis_outputs/unfiltered_reasoning/per_pair_samples/Qwen2_5-Math__GSM8K_sampled_questions.json,analysis_outputs/unfiltered_reasoning/per_pair_samples/Qwen2_5-Math__GSM8K_sampled_traces.jsonl,analysis_outputs/unfiltered_reasoning/judging_checkpoints/unfiltered_judged_Qwen2_5-Math__GSM8K.json
Qwen2.5-Math,MATH500,8000,500,100,100,0.795,0.25778289354032047,0.025778289354032046,0,100,42,/Users/manaspathak11/Desktop/Everything/research paper/threshold/source_pass16_jsonl_by_model 3/Qwen2.5_Math_7B/math500__test_custom_custom_-1_seed42_t0.7_s0_e-1/math500__test_custom_custom_-1_seed42_t0.7_s0_e-1.jsonl,analysis_outputs/unfiltered_reasoning/per_pair_samples/Qwen2_5-Math__MATH500_sampled_questions.json,analysis_outputs/unfiltered_reasoning/per_pair_samples/Qwen2_5-Math__MATH500_sampled_traces.jsonl,analysis_outputs/unfiltered_reasoning/judging_checkpoints/unfiltered_judged_Qwen2_5-Math__MATH500.json
Qwen2.5-Math,SVAMP,16000,1000,100,100,0.856875,0.23524900170464122,0.023524900170464123,0,100,42,/Users/manaspathak11/Desktop/Everything/research paper/threshold/source_pass16_jsonl_by_model 3/Qwen2.5_Math_7B/svamp__test_svamp_-1_seed42_t0.7_s0_e-1_e973610b-dc1a-4a7c-9737-cd64dad3639c_processed/svamp__test_svamp_-1_seed42_t0.7_s0_e-1_e973610b-dc1a-4a7c-9737-cd64dad3639c_processed.jsonl,analysis_outputs/unfiltered_reasoning/per_pair_samples/Qwen2_5-Math__SVAMP_sampled_questions.json,analysis_outputs/unfiltered_reasoning/per_pair_samples/Qwen2_5-Math__SVAMP_sampled_traces.jsonl,analysis_outputs/unfiltered_reasoning/judging_checkpoints/unfiltered_judged_Qwen2_5-Math__SVAMP.json
Qwen3-4B,AQuA,4064,254,100,100,0.69125,0.2297375808626139,0.02297375808626139,0,100,42,/Users/manaspathak11/Desktop/Everything/research paper/threshold/source_pass16_jsonl_by_model 2/Qwen3_4B_Thinking_2507/aqua__test_aqua_-1_seed42_t0.7_s0_e-1_07706ba0-2dc8-4c97-bc29-1a5dc653833f/aqua__test_aqua_-1_seed42_t0.7_s0_e-1_07706ba0-2dc8-4c97-bc29-1a5dc653833f.jsonl,analysis_outputs/unfiltered_reasoning/per_pair_samples/Qwen3-4B__AQuA_sampled_questions.json,analysis_outputs/unfiltered_reasoning/per_pair_samples/Qwen3-4B__AQuA_sampled_traces.jsonl,analysis_outputs/unfiltered_reasoning/judging_checkpoints/unfiltered_judged_Qwen3-4B__AQuA.json
Qwen3-4B,CommonsenseQA,19536,1221,100,100,0.74375,0.1977421479369208,0.01977421479369208,0,100,42,/Users/manaspathak11/Desktop/Everything/research paper/threshold/source_pass16_jsonl_by_model 2/Qwen3_4B_Thinking_2507/commonsense_qa__test_commonsense_qa_-1_seed42_t0.7_s0_e-1_be300247-2862-42c9-a305-36a1052ca7bf/commonsense_qa__test_commonsense_qa_-1_seed42_t0.7_s0_e-1_be300247-2862-42c9-a305-36a1052ca7bf.jsonl,analysis_outputs/unfiltered_reasoning/per_pair_samples/Qwen3-4B__CommonsenseQA_sampled_questions.json,analysis_outputs/unfiltered_reasoning/per_pair_samples/Qwen3-4B__CommonsenseQA_sampled_traces.jsonl,analysis_outputs/unfiltered_reasoning/judging_checkpoints/unfiltered_judged_Qwen3-4B__CommonsenseQA.json
Qwen3-4B,GPQA,7168,448,100,100,0.521875,0.1539604989186276,0.01539604989186276,0,100,42,/Users/manaspathak11/Desktop/Everything/research paper/threshold/source_pass16_jsonl_by_model/Qwen3_4B_Thinking_2507/gpqa__test_gpqa_-1_seed42_t0.7_s0_e-1_7439075c-3a41-426f-9626-f83d8eded888_processed/gpqa__test_gpqa_-1_seed42_t0.7_s0_e-1_7439075c-3a41-426f-9626-f83d8eded888_processed.jsonl,analysis_outputs/unfiltered_reasoning/per_pair_samples/Qwen3-4B__GPQA_sampled_questions.json,analysis_outputs/unfiltered_reasoning/per_pair_samples/Qwen3-4B__GPQA_sampled_traces.jsonl,analysis_outputs/unfiltered_reasoning/judging_checkpoints/unfiltered_judged_Qwen3-4B__GPQA.json
Qwen3-4B,GSM8K,21104,1319,100,100,0.81375,0.22455413173844763,0.022455413173844762,0,100,42,/Users/manaspathak11/Desktop/Everything/research paper/threshold/source_pass16_jsonl_by_model 2/Qwen3_4B_Thinking_2507/gsm8k__test_gsm8k_-1_seed42_t0.7_s0_e-1_9f297c4b-51a9-4b62-a387-aed44015c1c5_processed/gsm8k__test_gsm8k_-1_seed42_t0.7_s0_e-1_9f297c4b-51a9-4b62-a387-aed44015c1c5_processed.jsonl,analysis_outputs/unfiltered_reasoning/per_pair_samples/Qwen3-4B__GSM8K_sampled_questions.json,analysis_outputs/unfiltered_reasoning/per_pair_samples/Qwen3-4B__GSM8K_sampled_traces.jsonl,analysis_outputs/unfiltered_reasoning/judging_checkpoints/unfiltered_judged_Qwen3-4B__GSM8K.json
Qwen3-4B,MATH500,8000,500,100,100,0.704375,0.24113954398173099,0.0241139543981731,0,100,42,/Users/manaspathak11/Desktop/Everything/research paper/threshold/source_pass16_jsonl_by_model 3/Qwen3_4B_Thinking_2507/math500__test_math500_-1_seed42_t0.7_s0_e-1_98bb5118-8bf5-465f-aa8e-cfc6664c32d1_processed/math500__test_math500_-1_seed42_t0.7_s0_e-1_98bb5118-8bf5-465f-aa8e-cfc6664c32d1_processed.jsonl,analysis_outputs/unfiltered_reasoning/per_pair_samples/Qwen3-4B__MATH500_sampled_questions.json,analysis_outputs/unfiltered_reasoning/per_pair_samples/Qwen3-4B__MATH500_sampled_traces.jsonl,analysis_outputs/unfiltered_reasoning/judging_checkpoints/unfiltered_judged_Qwen3-4B__MATH500.json
Qwen3-4B,SVAMP,16000,1000,100,100,0.84,0.19650513397050898,0.019650513397050897,0,100,42,/Users/manaspathak11/Desktop/Everything/research paper/threshold/source_pass16_jsonl_by_model/Qwen3_4B_Thinking_2507/svamp__test_svamp_-1_seed42_t0.7_s0_e-1_dfc02f7d-afce-4f33-9a2e-e6939267b7bc_processed/svamp__test_svamp_-1_seed42_t0.7_s0_e-1_dfc02f7d-afce-4f33-9a2e-e6939267b7bc_processed.jsonl,analysis_outputs/unfiltered_reasoning/per_pair_samples/Qwen3-4B__SVAMP_sampled_questions.json,analysis_outputs/unfiltered_reasoning/per_pair_samples/Qwen3-4B__SVAMP_sampled_traces.jsonl,analysis_outputs/unfiltered_reasoning/judging_checkpoints/unfiltered_judged_Qwen3-4B__SVAMP.json
